{
  "n_scored": 7016944,
  "mean_ll": 0.35966972326815894,
  "p99_ll": 1.9486182928085327,
  "n_confident_wrong": 44267
}