{
  "flat": {
    "model": "gb_spatial_emb2",
    "split": "forecast108_119",
    "eval_set": "val",
    "log_loss": 0.7129056557592507,
    "accuracy": 0.6458069358007223,
    "auc": 0.6893856383758483,
    "brier": 0.23594555934874814,
    "apre": -0.1317136018926924,
    "contested_log_loss": 0.903123638106806,
    "contested_accuracy": 0.5516015943908178,
    "contested_n": 416460,
    "n": 696877,
    "fit_seconds": 14.6,
    "git_rev": "none",
    "run_utc": "20260703T190410Z"
  },
  "lopsided": {
    "n": 280417,
    "log_loss": 0.43040430623884757,
    "accuracy": 0.7857155593277155,
    "brier": 0.14066261918278727,
    "base_rate": 0.7676567397839646,
    "auc": 0.8118888233013453
  },
  "by_chamber": {
    "House": {
      "n": 619361,
      "log_loss": 0.7034976992206685,
      "accuracy": 0.6455152972176162,
      "brier": 0.23358642232566978,
      "base_rate": 0.6059616281942195,
      "auc": 0.6991552339769423
    },
    "Senate": {
      "n": 77516,
      "log_loss": 0.7880762188648374,
      "accuracy": 0.6481371587801228,
      "brier": 0.25479531250617016,
      "base_rate": 0.65403271582641,
      "auc": 0.5841251174251788
    }
  }
}