{
  "flat": {
    "model": "emb2_mlp_mq_16d_bcal",
    "split": "forecast108_119",
    "eval_set": "val",
    "log_loss": 0.4305852687634908,
    "accuracy": 0.7796899596341965,
    "auc": 0.8717503352647451,
    "brier": 0.14147714193511848,
    "apre": 0.29606789483819496,
    "contested_log_loss": 0.4417686012303932,
    "contested_accuracy": 0.7727392786822264,
    "contested_n": 416460,
    "n": 696877,
    "fit_seconds": 104.7,
    "git_rev": "none",
    "run_utc": "20260703T200450Z"
  },
  "lopsided": {
    "n": 280417,
    "log_loss": 0.41397639469677494,
    "accuracy": 0.7900127310398443,
    "brier": 0.13544938656745484,
    "base_rate": 0.7676567397839646,
    "auc": 0.8395011600217713
  },
  "by_chamber": {
    "House": {
      "n": 619361,
      "log_loss": 0.42357998301048033,
      "accuracy": 0.7820075852370427,
      "brier": 0.13887674686289833,
      "base_rate": 0.6059616281942195,
      "auc": 0.8772610934038153
    },
    "Senate": {
      "n": 77516,
      "log_loss": 0.4865582393665943,
      "accuracy": 0.7611718870942773,
      "brier": 0.16225457230207985,
      "base_rate": 0.65403271582641,
      "auc": 0.8206276604273666
    }
  }
}