{
  "flat": {
    "model": "emb2_tower_mq_16d",
    "split": "randomrc108_119",
    "eval_set": "test",
    "log_loss": 0.4410817424258812,
    "accuracy": 0.7823413878279166,
    "auc": 0.865586847430517,
    "brier": 0.14430259810868915,
    "apre": 0.28073482035730146,
    "contested_log_loss": 0.47804330095402103,
    "contested_accuracy": 0.7599785391881316,
    "contested_n": 406322,
    "n": 699568,
    "fit_seconds": 79.5,
    "git_rev": "none",
    "run_utc": "20260703T180920Z"
  },
  "lopsided": {
    "n": 293246,
    "log_loss": 0.38986776377222243,
    "accuracy": 0.8133273770145202,
    "brier": 0.12438205323696483,
    "base_rate": 0.7945752030718236,
    "auc": 0.858254253449908
  },
  "by_chamber": {
    "House": {
      "n": 621620,
      "log_loss": 0.4414530125682588,
      "accuracy": 0.7826759113284644,
      "brier": 0.144205469615162,
      "base_rate": 0.6304961230333644,
      "auc": 0.8657764391193341
    },
    "Senate": {
      "n": 77948,
      "log_loss": 0.43812093591506995,
      "accuracy": 0.7796736285728948,
      "brier": 0.14507717877973111,
      "base_rate": 0.6270334068866423,
      "auc": 0.8641675898552796
    }
  }
}