{
  "flat": {
    "model": "emb3_mlp_mq_16d_tcal",
    "split": "forecast108_119",
    "eval_set": "val",
    "log_loss": 0.42401326809547457,
    "accuracy": 0.7904838300015641,
    "auc": 0.8785756592648365,
    "brier": 0.13875250421351173,
    "apre": 0.3305563451962843,
    "contested_log_loss": 0.44553585151944464,
    "contested_accuracy": 0.7832348845027134,
    "contested_n": 416460,
    "n": 696877,
    "fit_seconds": 79.2,
    "git_rev": "none",
    "run_utc": "20260612T063653Z"
  },
  "lopsided": {
    "n": 280417,
    "log_loss": 0.3920491036805259,
    "accuracy": 0.8012495676082406,
    "brier": 0.1288480989602776,
    "base_rate": 0.7676567397839646,
    "auc": 0.8571485784943174
  },
  "by_chamber": {
    "House": {
      "n": 619361,
      "log_loss": 0.4162359061684562,
      "accuracy": 0.7959219259850071,
      "brier": 0.135759490844392,
      "base_rate": 0.6059616281942195,
      "auc": 0.884709505974958
    },
    "Senate": {
      "n": 77516,
      "log_loss": 0.48615520860427325,
      "accuracy": 0.7470328706331596,
      "brier": 0.16266699610307445,
      "base_rate": 0.65403271582641,
      "auc": 0.8211982004246301
    }
  }
}