{
  "flat": {
    "model": "gb_spatial_tfidf_tcal",
    "split": "congressout118",
    "eval_set": "test",
    "log_loss": 0.6713679293843748,
    "accuracy": 0.6143327420315937,
    "auc": 0.6139290742345288,
    "brier": 0.2381538617621382,
    "apre": -0.10117626292589887,
    "contested_log_loss": 0.73095944412789,
    "contested_accuracy": 0.5593322897620394,
    "contested_n": 380105,
    "n": 582331,
    "fit_seconds": 19.6,
    "git_rev": "67d3d61",
    "run_utc": "20260703T230745Z"
  },
  "lopsided": {
    "n": 202226,
    "log_loss": 0.5593594205300052,
    "accuracy": 0.7177118669211674,
    "brier": 0.18840140474256634,
    "base_rate": 0.708128529467032,
    "auc": 0.698051901346298
  },
  "by_chamber": {
    "House": {
      "n": 516591,
      "log_loss": 0.6497440021642297,
      "accuracy": 0.6232009462030891,
      "brier": 0.22965302202206775,
      "base_rate": 0.5682812902276656,
      "auc": 0.6459716332809936
    },
    "Senate": {
      "n": 65740,
      "log_loss": 0.8412907493810596,
      "accuracy": 0.5446455734712504,
      "brier": 0.3049542466444433,
      "base_rate": 0.5944021904472163,
      "auc": 0.3406214274692901
    }
  }
}