{
  "flat": {
    "model": "emb2_mlp_mq_16d",
    "split": "forecast108_119",
    "eval_set": "test",
    "log_loss": 0.6445356354972861,
    "accuracy": 0.8202671788392271,
    "auc": 0.8746562491020972,
    "brier": 0.14094708126101993,
    "apre": 0.3179846531546905,
    "contested_log_loss": 0.6298558557818464,
    "contested_accuracy": 0.8137382542737461,
    "contested_n": 353320,
    "n": 689351,
    "fit_seconds": 112.3,
    "git_rev": "none",
    "run_utc": "20260612T024957Z"
  },
  "lopsided": {
    "n": 336031,
    "log_loss": 0.6599706988368562,
    "accuracy": 0.8271320205576271,
    "brier": 0.1374142147645663,
    "base_rate": 0.8991194264814854,
    "auc": 0.7757232966285046
  },
  "by_chamber": {
    "House": {
      "n": 612379,
      "log_loss": 0.5996603849064507,
      "accuracy": 0.8331980685163927,
      "brier": 0.13085239580287442,
      "base_rate": 0.7179214179454226,
      "auc": 0.8876803292692648
    },
    "Senate": {
      "n": 76972,
      "log_loss": 1.0015571638655922,
      "accuracy": 0.7173907394896846,
      "brier": 0.22125905686479364,
      "base_rate": 0.6341916541079873,
      "auc": 0.7537680590822176
    }
  }
}