{
  "flat": {
    "model": "ctx_stack_16d_tcal",
    "split": "randomrc108_119",
    "eval_set": "val",
    "log_loss": 0.4250672962590064,
    "accuracy": 0.7871587598908887,
    "auc": 0.8710601850405387,
    "brier": 0.1400729068112561,
    "apre": 0.28545878842365,
    "contested_log_loss": 0.4934870405090054,
    "contested_accuracy": 0.7444580362204255,
    "contested_n": 402204,
    "n": 702035,
    "fit_seconds": 80.8,
    "git_rev": "none",
    "run_utc": "20260703T200209Z"
  },
  "lopsided": {
    "n": 299831,
    "log_loss": 0.3332866104182277,
    "accuracy": 0.8444390339891472,
    "brier": 0.10688816973758691,
    "base_rate": 0.812207543582885,
    "auc": 0.8822526608265722
  },
  "by_chamber": {
    "House": {
      "n": 623346,
      "log_loss": 0.42149004650984434,
      "accuracy": 0.7899657654015587,
      "brier": 0.13857398858000147,
      "base_rate": 0.6392886133864659,
      "auc": 0.8739151918323242
    },
    "Senate": {
      "n": 78689,
      "log_loss": 0.4534049841460215,
      "accuracy": 0.7649226702588672,
      "brier": 0.15194679876285822,
      "base_rate": 0.6394667615549823,
      "auc": 0.8488027263745005
    }
  }
}