{
  "flat": {
    "model": "emb4_mlp_mq_16d_tcal",
    "split": "randomrc108_119",
    "eval_set": "val",
    "log_loss": 0.4244486336465382,
    "accuracy": 0.786117501264182,
    "auc": 0.8734025171437467,
    "brier": 0.13993993708972027,
    "apre": 0.2819631209472255,
    "contested_log_loss": 0.4945181758268738,
    "contested_accuracy": 0.7441124404531034,
    "contested_n": 402204,
    "n": 702035,
    "fit_seconds": 71.9,
    "git_rev": "none",
    "run_utc": "20260703T203755Z"
  },
  "lopsided": {
    "n": 299831,
    "log_loss": 0.3304548500047541,
    "accuracy": 0.8424645883847901,
    "brier": 0.10617464002160419,
    "base_rate": 0.812207543582885,
    "auc": 0.8776586259866703
  },
  "by_chamber": {
    "House": {
      "n": 623346,
      "log_loss": 0.41999579883801275,
      "accuracy": 0.7893401096662207,
      "brier": 0.13813368685976693,
      "base_rate": 0.6392886133864659,
      "auc": 0.8768664513428294
    },
    "Senate": {
      "n": 78689,
      "log_loss": 0.4597223919425532,
      "accuracy": 0.7605891547738566,
      "brier": 0.15424840276904675,
      "base_rate": 0.6394667615549823,
      "auc": 0.843914745670945
    }
  }
}