{
  "flat": {
    "model": "member_rate",
    "split": "randomrc108_119",
    "eval_set": "test",
    "log_loss": 0.6300182194147448,
    "accuracy": 0.6469849964549551,
    "auc": 0.6421743228428669,
    "brier": 0.21963722129437338,
    "apre": -0.16655802133227524,
    "contested_log_loss": 0.6866816480246567,
    "contested_accuracy": 0.5687607365586899,
    "contested_n": 406322,
    "n": 699568,
    "fit_seconds": 0.4,
    "git_rev": "none",
    "run_utc": "20260703T180920Z"
  },
  "lopsided": {
    "n": 293246,
    "log_loss": 0.5515053065714778,
    "accuracy": 0.7553726223034586,
    "brier": 0.18389558483568322,
    "base_rate": 0.7945752030718236,
    "auc": 0.6159990242757629
  },
  "by_chamber": {
    "House": {
      "n": 621620,
      "log_loss": 0.633629001129265,
      "accuracy": 0.6423876323155626,
      "brier": 0.22124923995244872,
      "base_rate": 0.6304961230333644,
      "auc": 0.633888104360893
    },
    "Senate": {
      "n": 77948,
      "log_loss": 0.6012229439826589,
      "accuracy": 0.6836480730743573,
      "brier": 0.206781688910825,
      "base_rate": 0.6270334068866423,
      "auc": 0.7000292989823449
    }
  }
}