{
  "flat": {
    "model": "majority_question_rate",
    "split": "congressout118",
    "eval_set": "val",
    "log_loss": 0.6115789939641293,
    "accuracy": 0.6268068998805986,
    "auc": 0.6555573254300494,
    "brier": 0.20661426175743317,
    "apre": -0.21595894379604338,
    "contested_log_loss": 0.764612082040043,
    "contested_accuracy": 0.47866564034284764,
    "contested_n": 288408,
    "n": 511719,
    "fit_seconds": 25.6,
    "git_rev": "none",
    "run_utc": "20260703T191426Z"
  },
  "lopsided": {
    "n": 223311,
    "log_loss": 0.4139354973795534,
    "accuracy": 0.8181325595246092,
    "brier": 0.12950108098880939,
    "base_rate": 0.8798267886490142,
    "auc": 0.650088063427342
  },
  "by_chamber": {
    "House": {
      "n": 420436,
      "log_loss": 0.47226981030938536,
      "accuracy": 0.6838139455232187,
      "brier": 0.1652629203364575,
      "base_rate": 0.6903714239503753,
      "auc": 0.7672346886145894
    },
    "Senate": {
      "n": 91283,
      "log_loss": 1.253216494255157,
      "accuracy": 0.36424087727178117,
      "brier": 0.3970724257273873,
      "base_rate": 0.6057754455922789,
      "auc": 0.16396711819622953
    }
  }
}