{
  "flat": {
    "model": "gb_spatial_tfidf_tcal",
    "split": "forecast108_119",
    "eval_set": "val",
    "log_loss": 0.6229492379221274,
    "accuracy": 0.6548687932016697,
    "auc": 0.6891096070864781,
    "brier": 0.21560422903652476,
    "apre": -0.10275925942907448,
    "contested_log_loss": 0.731777403793473,
    "contested_accuracy": 0.5614320703068723,
    "contested_n": 416460,
    "n": 696877,
    "fit_seconds": 20.4,
    "git_rev": "none",
    "run_utc": "20260703T190733Z"
  },
  "lopsided": {
    "n": 280417,
    "log_loss": 0.4613235948306579,
    "accuracy": 0.7936359065249253,
    "brier": 0.14720635596600137,
    "base_rate": 0.7676567397839646,
    "auc": 0.7992724221607919
  },
  "by_chamber": {
    "House": {
      "n": 619361,
      "log_loss": 0.6186825596955168,
      "accuracy": 0.6573274713777587,
      "brier": 0.21379639312097645,
      "base_rate": 0.6059616281942195,
      "auc": 0.6996108149863878
    },
    "Senate": {
      "n": 77516,
      "log_loss": 0.6570404460999455,
      "accuracy": 0.6352236957531349,
      "brier": 0.23004902831009386,
      "base_rate": 0.65403271582641,
      "auc": 0.577998269594598
    }
  }
}