{
  "flat": {
    "model": "emb2_mlp_mq_16d_tcal",
    "split": "randomrc108_119",
    "eval_set": "val",
    "log_loss": 0.4274964334943639,
    "accuracy": 0.7801662310283676,
    "auc": 0.8698221327861533,
    "brier": 0.14168310632680192,
    "apre": 0.26198377933778383,
    "contested_log_loss": 0.49763457873101746,
    "contested_accuracy": 0.7358156557368898,
    "contested_n": 402204,
    "n": 702035,
    "fit_seconds": 71.9,
    "git_rev": "none",
    "run_utc": "20260703T221108Z"
  },
  "lopsided": {
    "n": 299831,
    "log_loss": 0.3334106232653909,
    "accuracy": 0.839659674950222,
    "brier": 0.10787189701159,
    "base_rate": 0.812207543582885,
    "auc": 0.8749093092088903
  },
  "by_chamber": {
    "House": {
      "n": 623346,
      "log_loss": 0.42262902477772213,
      "accuracy": 0.7832616235605907,
      "brier": 0.13975553800398852,
      "base_rate": 0.6392886133864659,
      "auc": 0.8736984008946336
    },
    "Senate": {
      "n": 78689,
      "log_loss": 0.4660542974128736,
      "accuracy": 0.7556456429742404,
      "brier": 0.15695261037123542,
      "base_rate": 0.6394667615549823,
      "auc": 0.837546757643233
    }
  }
}