{
  "flat": {
    "model": "nominate_logit",
    "split": "regimeA_seed42",
    "eval_set": "test",
    "log_loss": 0.1638958922106691,
    "accuracy": 0.9332590686107772,
    "auc": 0.9819634195267495,
    "brier": 0.04857343204251873,
    "apre": 0.7574828507275136,
    "contested_log_loss": 0.15547922807064618,
    "contested_accuracy": 0.9385591212955977,
    "contested_n": 569930,
    "n": 1058376,
    "fit_seconds": 15.7,
    "git_rev": "5191568",
    "run_utc": "20260705T184123Z"
  },
  "lopsided": {
    "n": 488446,
    "log_loss": 0.1737166490462727,
    "accuracy": 0.9270748455305192,
    "brier": 0.05261019423435418,
    "base_rate": 0.7860213820975093,
    "auc": 0.971049573047528
  },
  "by_chamber": {
    "House": {
      "n": 933927,
      "log_loss": 0.15862933626927736,
      "accuracy": 0.9354692604454096,
      "brier": 0.04702554433121927,
      "base_rate": 0.636120381999878,
      "auc": 0.9831259525910587
    },
    "Senate": {
      "n": 124449,
      "log_loss": 0.20341873924580975,
      "accuracy": 0.9166726932317656,
      "brier": 0.060189548898023776,
      "base_rate": 0.6418050767784393,
      "auc": 0.9721427687343921
    }
  }
}