{
  "flat": {
    "model": "ideal_point_8d",
    "split": "regimeA_seed42",
    "eval_set": "test",
    "log_loss": 0.15343584975460778,
    "accuracy": 0.9377867600928215,
    "auc": 0.9846220041933129,
    "brier": 0.045420586033947476,
    "apre": 0.7739351657934671,
    "contested_log_loss": 0.14649094535743656,
    "contested_accuracy": 0.9428807046479393,
    "contested_n": 569930,
    "n": 1058376,
    "fit_seconds": 14.9,
    "git_rev": "5191568",
    "run_utc": "20260705T184123Z"
  },
  "lopsided": {
    "n": 488446,
    "log_loss": 0.16153932355330794,
    "accuracy": 0.9318430287073699,
    "brier": 0.04901729729650593,
    "base_rate": 0.7860213820975093,
    "auc": 0.9757954696831727
  },
  "by_chamber": {
    "House": {
      "n": 933927,
      "log_loss": 0.14566980419039732,
      "accuracy": 0.9404760757532441,
      "brier": 0.043356957420080985,
      "base_rate": 0.636120381999878,
      "auc": 0.9860694621487494
    },
    "Senate": {
      "n": 124449,
      "log_loss": 0.21171610621023615,
      "accuracy": 0.9176048019670708,
      "brier": 0.06090707833571335,
      "base_rate": 0.6418050767784393,
      "auc": 0.9724151383425316
    }
  }
}