{
  "flat": {
    "model": "text_tower_mq_8d",
    "split": "forecast108_119",
    "eval_set": "val",
    "log_loss": 0.48704797493677104,
    "accuracy": 0.7408796674305509,
    "auc": 0.8270120848527899,
    "brier": 0.16481979335224348,
    "apre": 0.17206169590375145,
    "contested_log_loss": 0.5410096964591692,
    "contested_accuracy": 0.7022787302502042,
    "contested_n": 416460,
    "n": 696877,
    "fit_seconds": 78.2,
    "git_rev": "none",
    "run_utc": "20260612T005136Z"
  },
  "lopsided": {
    "n": 280417,
    "log_loss": 0.40690697583465596,
    "accuracy": 0.798207669292518,
    "brier": 0.13357520611330023,
    "base_rate": 0.7676567397839646,
    "auc": 0.8409765575446861
  },
  "by_chamber": {
    "House": {
      "n": 619361,
      "log_loss": 0.48642469969916385,
      "accuracy": 0.7404244051530529,
      "brier": 0.1649493773538024,
      "base_rate": 0.6059616281942195,
      "auc": 0.8273855167385038
    },
    "Senate": {
      "n": 77516,
      "log_loss": 0.49202800969655897,
      "accuracy": 0.7445172609525775,
      "brier": 0.1637844035386625,
      "base_rate": 0.65403271582641,
      "auc": 0.81891276231125
    }
  }
}