{
  "flat": {
    "model": "member_question_rate",
    "split": "randomrc108_119",
    "eval_set": "test",
    "log_loss": 0.49424654876402346,
    "accuracy": 0.7212679825263592,
    "auc": 0.8065582875244693,
    "brier": 0.1689278481931513,
    "apre": 0.0789143024497161,
    "contested_log_loss": 0.5460157170989347,
    "contested_accuracy": 0.6706380653767209,
    "contested_n": 406322,
    "n": 699568,
    "fit_seconds": 24.4,
    "git_rev": "none",
    "run_utc": "20260703T180920Z"
  },
  "lopsided": {
    "n": 293246,
    "log_loss": 0.42251512867243435,
    "accuracy": 0.7914208548454199,
    "brier": 0.13900869300725885,
    "base_rate": 0.7945752030718236,
    "auc": 0.8208957136014794
  },
  "by_chamber": {
    "House": {
      "n": 621620,
      "log_loss": 0.49906107276270145,
      "accuracy": 0.715940606801583,
      "brier": 0.17097159742035023,
      "base_rate": 0.6304961230333644,
      "auc": 0.8004759977546189
    },
    "Senate": {
      "n": 77948,
      "log_loss": 0.4558516648919753,
      "accuracy": 0.7637527582490892,
      "brier": 0.15262934926294847,
      "base_rate": 0.6270334068866423,
      "auc": 0.8491696822134506
    }
  }
}