{
  "flat": {
    "model": "gb_spatial_tfidf",
    "split": "forecast108_119",
    "eval_set": "val",
    "log_loss": 0.842443185338308,
    "accuracy": 0.6549003626177934,
    "auc": 0.6891096224687582,
    "brier": 0.24955496579266603,
    "apre": -0.10265838919404682,
    "contested_log_loss": 1.0781129197700723,
    "contested_accuracy": 0.5639437160831773,
    "contested_n": 416460,
    "n": 696877,
    "fit_seconds": 19.7,
    "git_rev": "59a41a7",
    "run_utc": "20260703T232326Z"
  },
  "lopsided": {
    "n": 280417,
    "log_loss": 0.4924393781459745,
    "accuracy": 0.7899842020990169,
    "brier": 0.1492336522942792,
    "base_rate": 0.7676567397839646,
    "auc": 0.7992724825525379
  },
  "by_chamber": {
    "House": {
      "n": 619361,
      "log_loss": 0.8344194865673095,
      "accuracy": 0.6580879325627542,
      "brier": 0.24579753259962261,
      "base_rate": 0.6059616281942195,
      "auc": 0.6996108403425997
    },
    "Senate": {
      "n": 77516,
      "log_loss": 0.9065533831620378,
      "accuracy": 0.6294313432065638,
      "brier": 0.2795772525447756,
      "base_rate": 0.65403271582641,
      "auc": 0.5779979246450111
    }
  }
}