{
  "flat": {
    "model": "gb_spatial_tfidf_tcal",
    "split": "forecast108_119",
    "eval_set": "test",
    "log_loss": 0.5659282317327884,
    "accuracy": 0.7252647780303503,
    "auc": 0.6893763483227614,
    "brier": 0.18983987172883227,
    "apre": -0.042512082613147206,
    "contested_log_loss": 0.7418557576958382,
    "contested_accuracy": 0.5709668289369411,
    "contested_n": 353320,
    "n": 689351,
    "fit_seconds": 20.4,
    "git_rev": "none",
    "run_utc": "20260703T190733Z"
  },
  "lopsided": {
    "n": 336031,
    "log_loss": 0.3809491272059304,
    "accuracy": 0.8875014507590073,
    "brier": 0.11046910733582332,
    "base_rate": 0.8991194264814854,
    "auc": 0.7174079611593824
  },
  "by_chamber": {
    "House": {
      "n": 612379,
      "log_loss": 0.5497171869638349,
      "accuracy": 0.7389623092888554,
      "brier": 0.18272325674293471,
      "base_rate": 0.7179214179454226,
      "auc": 0.7052196683620632
    },
    "Senate": {
      "n": 76972,
      "log_loss": 0.6949011489568078,
      "accuracy": 0.6162890401704516,
      "brier": 0.24645871453464388,
      "base_rate": 0.6341916541079873,
      "auc": 0.5205290668525847
    }
  }
}