{
  "flat": {
    "model": "majority_question_rate",
    "split": "congressout118",
    "eval_set": "test",
    "log_loss": 0.6173932372297876,
    "accuracy": 0.5514355237828658,
    "auc": 0.6638110256573796,
    "brier": 0.21898129686142181,
    "apre": -0.280763516727057,
    "contested_log_loss": 0.6486060692638109,
    "contested_accuracy": 0.4866786808908065,
    "contested_n": 380105,
    "n": 582331,
    "fit_seconds": 25.6,
    "git_rev": "none",
    "run_utc": "20260703T191426Z"
  },
  "lopsided": {
    "n": 202226,
    "log_loss": 0.5587254421871507,
    "accuracy": 0.6731528092332341,
    "brier": 0.18560807698207904,
    "base_rate": 0.708128529467032,
    "auc": 0.7432196186115446
  },
  "by_chamber": {
    "House": {
      "n": 516591,
      "log_loss": 0.6343062931129516,
      "accuracy": 0.53074869674462,
      "brier": 0.22545824755295402,
      "base_rate": 0.5682812902276656,
      "auc": 0.6428149999747501
    },
    "Senate": {
      "n": 65740,
      "log_loss": 0.4844888798866247,
      "accuracy": 0.7139945238819593,
      "brier": 0.1680848193030205,
      "base_rate": 0.5944021904472163,
      "auc": 0.8435115758287365
    }
  }
}