{
  "flat": {
    "model": "party_congress_rate",
    "split": "randomrc108_119",
    "eval_set": "test",
    "log_loss": 0.6326357391644764,
    "accuracy": 0.6485016467305537,
    "auc": 0.6369587803780609,
    "brier": 0.22085188563100727,
    "apre": -0.16154616481969597,
    "contested_log_loss": 0.6873611688737179,
    "contested_accuracy": 0.5695335226741353,
    "contested_n": 406322,
    "n": 699568,
    "fit_seconds": 0.3,
    "git_rev": "none",
    "run_utc": "20260703T180920Z"
  },
  "lopsided": {
    "n": 293246,
    "log_loss": 0.5568081198608255,
    "accuracy": 0.7579199716279165,
    "brier": 0.18630820917012472,
    "base_rate": 0.7945752030718236,
    "auc": 0.6005134073458703
  },
  "by_chamber": {
    "House": {
      "n": 621620,
      "log_loss": 0.6356461893520663,
      "accuracy": 0.6455583797175123,
      "brier": 0.22218276037791668,
      "base_rate": 0.6304961230333644,
      "auc": 0.6295639230171605
    },
    "Senate": {
      "n": 77948,
      "log_loss": 0.6086279898237701,
      "accuracy": 0.6719736234412685,
      "brier": 0.2102384207547574,
      "base_rate": 0.6270334068866423,
      "auc": 0.6898084968951789
    }
  }
}