{
  "flat": {
    "model": "party_question_rate",
    "split": "randomrc108_119",
    "eval_set": "val",
    "log_loss": 0.5037808416435872,
    "accuracy": 0.7217261247658593,
    "auc": 0.7951308098883074,
    "brier": 0.17220533566188026,
    "apre": 0.06579123548652423,
    "contested_log_loss": 0.5680990031961884,
    "contested_accuracy": 0.662106791578403,
    "contested_n": 402204,
    "n": 702035,
    "fit_seconds": 24.6,
    "git_rev": "none",
    "run_utc": "20260703T180920Z"
  },
  "lopsided": {
    "n": 299831,
    "log_loss": 0.4175021651588262,
    "accuracy": 0.8017016252488902,
    "brier": 0.1363040062168071,
    "base_rate": 0.812207543582885,
    "auc": 0.8060283122012251
  },
  "by_chamber": {
    "House": {
      "n": 623346,
      "log_loss": 0.5071924601287832,
      "accuracy": 0.7183057242687046,
      "brier": 0.17349427080092947,
      "base_rate": 0.6392886133864659,
      "auc": 0.7901734002120734
    },
    "Senate": {
      "n": 78689,
      "log_loss": 0.4767552251498865,
      "accuracy": 0.7488213092045902,
      "brier": 0.16199485435971903,
      "base_rate": 0.6394667615549823,
      "auc": 0.8238598629009171
    }
  }
}