{
  "flat": {
    "model": "meta_tower_8d",
    "split": "congressout118",
    "eval_set": "test",
    "log_loss": 0.7173712945358145,
    "accuracy": 0.5857596452876457,
    "auc": 0.6379969883277276,
    "brier": 0.24094061535211514,
    "apre": -0.18275958440998083,
    "contested_log_loss": 0.824060913790062,
    "contested_accuracy": 0.5141237289696268,
    "contested_n": 380105,
    "n": 582331,
    "fit_seconds": 17.3,
    "git_rev": "792de30",
    "run_utc": "20260705T193248Z"
  },
  "lopsided": {
    "n": 202226,
    "log_loss": 0.5168369531225638,
    "accuracy": 0.7204068715199826,
    "brier": 0.1694717592368925,
    "base_rate": 0.708128529467032,
    "auc": 0.7778314480083219
  },
  "by_chamber": {
    "House": {
      "n": 516591,
      "log_loss": 0.6758170769378026,
      "accuracy": 0.5993910075862723,
      "brier": 0.22815102390905148,
      "base_rate": 0.5682812902276656,
      "auc": 0.6807012087759614
    },
    "Senate": {
      "n": 65740,
      "log_loss": 1.043908179585624,
      "accuracy": 0.47864313964101,
      "brier": 0.341442407764097,
      "base_rate": 0.5944021904472163,
      "auc": 0.30042859168069536
    }
  }
}