{
  "flat": {
    "model": "emb3_mlp_mq_16d_tcal",
    "split": "forecast108_119",
    "eval_set": "test",
    "log_loss": 0.3621248988142437,
    "accuracy": 0.8413551296799453,
    "auc": 0.9010915384986959,
    "brier": 0.11126468389797192,
    "apre": 0.3980051302940561,
    "contested_log_loss": 0.4038140947242644,
    "contested_accuracy": 0.8234405071889506,
    "contested_n": 353320,
    "n": 689351,
    "fit_seconds": 79.6,
    "git_rev": "none",
    "run_utc": "20260612T063446Z"
  },
  "lopsided": {
    "n": 336031,
    "log_loss": 0.3182907683354234,
    "accuracy": 0.8601914704298116,
    "brier": 0.09658671461708881,
    "base_rate": 0.8991194264814854,
    "auc": 0.8229836588351263
  },
  "by_chamber": {
    "House": {
      "n": 612379,
      "log_loss": 0.346468214483793,
      "accuracy": 0.8525929203973356,
      "brier": 0.10484036819534244,
      "base_rate": 0.7179214179454226,
      "auc": 0.9086677755317656
    },
    "Senate": {
      "n": 76972,
      "log_loss": 0.4866873980814725,
      "accuracy": 0.7519487605882659,
      "brier": 0.16237568563445434,
      "base_rate": 0.6341916541079873,
      "auc": 0.8271726260347652
    }
  }
}