{
  "flat": {
    "model": "emb2_tower_mq_8d",
    "split": "forecast108_119",
    "eval_set": "val",
    "log_loss": 0.48502471591559676,
    "accuracy": 0.7485266409997747,
    "auc": 0.8355821287690582,
    "brier": 0.16235559615296707,
    "apre": 0.19649521783385757,
    "contested_log_loss": 0.536276648050563,
    "contested_accuracy": 0.7136003457715027,
    "contested_n": 416460,
    "n": 696877,
    "fit_seconds": 75.9,
    "git_rev": "none",
    "run_utc": "20260612T024957Z"
  },
  "lopsided": {
    "n": 280417,
    "log_loss": 0.4089081478868104,
    "accuracy": 0.8003972655010216,
    "brier": 0.13308467566251003,
    "base_rate": 0.7676567397839646,
    "auc": 0.8484083492784845
  },
  "by_chamber": {
    "House": {
      "n": 619361,
      "log_loss": 0.48150429697194497,
      "accuracy": 0.7485957301153932,
      "brier": 0.16147149913090092,
      "base_rate": 0.6059616281942195,
      "auc": 0.8375135768027058
    },
    "Senate": {
      "n": 77516,
      "log_loss": 0.5131532338649095,
      "accuracy": 0.7479746116930698,
      "brier": 0.16941962442692257,
      "base_rate": 0.65403271582641,
      "auc": 0.8166673262141996
    }
  }
}