{
  "flat": {
    "model": "emb2_mlp_mq_16d_tcal",
    "split": "forecast108_119",
    "eval_set": "test",
    "log_loss": 0.34897474396396183,
    "accuracy": 0.8521870571015346,
    "auc": 0.9056905310037159,
    "brier": 0.1075209791264851,
    "apre": 0.43910803342397586,
    "contested_log_loss": 0.37754923153161174,
    "contested_accuracy": 0.8401477414242047,
    "contested_n": 353320,
    "n": 689351,
    "fit_seconds": 70.0,
    "git_rev": "none",
    "run_utc": "20260612T032203Z"
  },
  "lopsided": {
    "n": 336031,
    "log_loss": 0.31893008157447383,
    "accuracy": 0.8648458029169928,
    "brier": 0.09691674388088878,
    "base_rate": 0.8991194264814854,
    "auc": 0.82235819915
  },
  "by_chamber": {
    "House": {
      "n": 612379,
      "log_loss": 0.3315889123115015,
      "accuracy": 0.8643585100076913,
      "brier": 0.10070283110553566,
      "base_rate": 0.7179214179454226,
      "auc": 0.9131133847355588
    },
    "Senate": {
      "n": 76972,
      "log_loss": 0.4872941094670279,
      "accuracy": 0.7553525957491035,
      "brier": 0.1617652584348184,
      "base_rate": 0.6341916541079873,
      "auc": 0.828369278053886
    }
  }
}