{
  "flat": {
    "model": "gb_spatial_emb2_tcal",
    "split": "forecast108_119",
    "eval_set": "val",
    "log_loss": 0.6127679733205034,
    "accuracy": 0.6489724872538483,
    "auc": 0.6893856369806105,
    "brier": 0.213233492600638,
    "apre": -0.1215990683258292,
    "contested_log_loss": 0.7197280825880753,
    "contested_accuracy": 0.5567833645488162,
    "contested_n": 416460,
    "n": 696877,
    "fit_seconds": 15.1,
    "git_rev": "none",
    "run_utc": "20260703T190808Z"
  },
  "lopsided": {
    "n": 280417,
    "log_loss": 0.45391666578360984,
    "accuracy": 0.78588673297268,
    "brier": 0.1459911979271876,
    "base_rate": 0.7676567397839646,
    "auc": 0.8118888162425698
  },
  "by_chamber": {
    "House": {
      "n": 619361,
      "log_loss": 0.6083197659346633,
      "accuracy": 0.6499182221676857,
      "brier": 0.2114515704254209,
      "base_rate": 0.6059616281942195,
      "auc": 0.6991552338350131
    },
    "Senate": {
      "n": 77516,
      "log_loss": 0.6483096185898825,
      "accuracy": 0.641415965736106,
      "brier": 0.22747123836105718,
      "base_rate": 0.65403271582641,
      "auc": 0.5841251262511811
    }
  }
}