{
  "flat": {
    "model": "nominate_context_logit",
    "split": "forecast108_119",
    "eval_set": "test",
    "log_loss": 0.5324893715755828,
    "accuracy": 0.7235921903355474,
    "auc": 0.739992668490208,
    "brier": 0.17885025697077792,
    "apre": -0.048858894895027136,
    "contested_log_loss": 0.6845429736316047,
    "contested_accuracy": 0.5956583267293105,
    "contested_n": 353320,
    "n": 689351,
    "fit_seconds": 39.2,
    "git_rev": "none",
    "run_utc": "20260703T185733Z"
  },
  "lopsided": {
    "n": 336031,
    "log_loss": 0.3726125189089132,
    "accuracy": 0.8581083292910475,
    "brier": 0.11037494720673181,
    "base_rate": 0.8991194264814854,
    "auc": 0.7028067212080945
  },
  "by_chamber": {
    "House": {
      "n": 612379,
      "log_loss": 0.5130919846569533,
      "accuracy": 0.7335489949851317,
      "brier": 0.17126385951300316,
      "base_rate": 0.7179214179454226,
      "auc": 0.7589468562010473
    },
    "Senate": {
      "n": 76972,
      "log_loss": 0.6868124033773221,
      "accuracy": 0.6443771761159902,
      "brier": 0.239206626673977,
      "base_rate": 0.6341916541079873,
      "auc": 0.5978766019862342
    }
  }
}