{
  "flat": {
    "model": "emb2_mlp_mq_16d_tcal",
    "split": "randomrc108_119",
    "eval_set": "val",
    "log_loss": 0.4274964333547463,
    "accuracy": 0.7801662310283676,
    "auc": 0.8698221331381156,
    "brier": 0.14168310629641018,
    "apre": 0.26198377933778383,
    "contested_log_loss": 0.49763458026115337,
    "contested_accuracy": 0.7358156557368898,
    "contested_n": 402204,
    "n": 702035,
    "fit_seconds": 70.9,
    "git_rev": "none",
    "run_utc": "20260703T223911Z"
  },
  "lopsided": {
    "n": 299831,
    "log_loss": 0.333410620885907,
    "accuracy": 0.839659674950222,
    "brier": 0.1078718959149239,
    "base_rate": 0.812207543582885,
    "auc": 0.8749093099017182
  },
  "by_chamber": {
    "House": {
      "n": 623346,
      "log_loss": 0.4226290249645354,
      "accuracy": 0.7832616235605907,
      "brier": 0.1397555381638032,
      "base_rate": 0.6392886133864659,
      "auc": 0.8736984009336953
    },
    "Senate": {
      "n": 78689,
      "log_loss": 0.46605429468738924,
      "accuracy": 0.7556456429742404,
      "brier": 0.15695260883409706,
      "base_rate": 0.6394667615549823,
      "auc": 0.8375467674502448
    }
  }
}