{
  "flat": {
    "model": "member_pooled_question_rate",
    "split": "congressout118",
    "eval_set": "val",
    "log_loss": 0.6446542245150255,
    "accuracy": 0.6593677389348451,
    "auc": 0.6248636486629666,
    "brier": 0.21779341950382136,
    "apre": -0.10986736961407932,
    "contested_log_loss": 0.8191050068778193,
    "contested_accuracy": 0.5092819894039,
    "contested_n": 288408,
    "n": 511719,
    "fit_seconds": 50.9,
    "git_rev": "none",
    "run_utc": "20260703T191426Z"
  },
  "lopsided": {
    "n": 223311,
    "log_loss": 0.41934959894938506,
    "accuracy": 0.8532047234574204,
    "brier": 0.1266705408733212,
    "base_rate": 0.8798267886490142,
    "auc": 0.63690626732363
  },
  "by_chamber": {
    "House": {
      "n": 420436,
      "log_loss": 0.571567547612152,
      "accuracy": 0.688023860944353,
      "brier": 0.1948990544939138,
      "base_rate": 0.6903714239503753,
      "auc": 0.6921802806653629
    },
    "Senate": {
      "n": 91283,
      "log_loss": 0.9812806510165267,
      "accuracy": 0.5273818783344105,
      "brier": 0.323241479354018,
      "base_rate": 0.6057754455922789,
      "auc": 0.31979209898455696
    }
  }
}