{
  "flat": {
    "model": "emb2_mlp_mq_16d_tcal",
    "split": "randomrc108_119",
    "eval_set": "test",
    "log_loss": 0.38390863471958686,
    "accuracy": 0.8177346591039041,
    "auc": 0.9036384861954171,
    "brier": 0.12358994776665379,
    "apre": 0.39769388468478684,
    "contested_log_loss": 0.40208433734946214,
    "contested_accuracy": 0.8136502576774085,
    "contested_n": 406322,
    "n": 699568,
    "fit_seconds": 70.3,
    "git_rev": "none",
    "run_utc": "20260703T180920Z"
  },
  "lopsided": {
    "n": 293246,
    "log_loss": 0.35872435993331114,
    "accuracy": 0.8233940104894867,
    "brier": 0.11629364447956338,
    "base_rate": 0.7945752030718236,
    "auc": 0.8666509575915143
  },
  "by_chamber": {
    "House": {
      "n": 621620,
      "log_loss": 0.37458786158971247,
      "accuracy": 0.8251005437405489,
      "brier": 0.11996133233511129,
      "base_rate": 0.6304961230333644,
      "auc": 0.9089013102919729
    },
    "Senate": {
      "n": 77948,
      "log_loss": 0.4582399709051533,
      "accuracy": 0.7589931749371376,
      "brier": 0.15252744359150472,
      "base_rate": 0.6270334068866423,
      "auc": 0.8544076786586234
    }
  }
}