{
  "flat": {
    "model": "emb2tfidf_tower_mq_16d",
    "split": "forecast108_119",
    "eval_set": "test",
    "log_loss": 0.4173311076478833,
    "accuracy": 0.8125671827559545,
    "auc": 0.8704507521181605,
    "brier": 0.13138352666933256,
    "apre": 0.2887661973071461,
    "contested_log_loss": 0.4828353237563207,
    "contested_accuracy": 0.7755858711649496,
    "contested_n": 353320,
    "n": 689351,
    "fit_seconds": 86.3,
    "git_rev": "none",
    "run_utc": "20260612T024957Z"
  },
  "lopsided": {
    "n": 336031,
    "log_loss": 0.34845665964923717,
    "accuracy": 0.8514512053947404,
    "brier": 0.10643338624192933,
    "base_rate": 0.8991194264814854,
    "auc": 0.7994393338484547
  },
  "by_chamber": {
    "House": {
      "n": 612379,
      "log_loss": 0.4060568830921956,
      "accuracy": 0.8200428166217326,
      "brier": 0.12685440625258831,
      "base_rate": 0.7179214179454226,
      "auc": 0.875304700656208
    },
    "Senate": {
      "n": 76972,
      "log_loss": 0.5070273395138553,
      "accuracy": 0.7530920334667152,
      "brier": 0.1674166066423796,
      "base_rate": 0.6341916541079873,
      "auc": 0.8255635097610142
    }
  }
}