{
  "flat": {
    "model": "emb2_mlp_mq_16d_tcal",
    "split": "forecast108_119",
    "eval_set": "val",
    "log_loss": 0.4277329800198243,
    "accuracy": 0.7816960525315084,
    "auc": 0.873650811651177,
    "brier": 0.14046795433390216,
    "apre": 0.3024777397731337,
    "contested_log_loss": 0.44458560407133707,
    "contested_accuracy": 0.773476444316381,
    "contested_n": 416460,
    "n": 696877,
    "fit_seconds": 70.9,
    "git_rev": "none",
    "run_utc": "20260612T025750Z"
  },
  "lopsided": {
    "n": 280417,
    "log_loss": 0.40270438399143466,
    "accuracy": 0.7939033653451824,
    "brier": 0.1321032395519449,
    "base_rate": 0.7676567397839646,
    "auc": 0.8474870254914556
  },
  "by_chamber": {
    "House": {
      "n": 619361,
      "log_loss": 0.4203222356635295,
      "accuracy": 0.7837174119778287,
      "brier": 0.1378950971525973,
      "base_rate": 0.6059616281942195,
      "auc": 0.8789713946636025
    },
    "Senate": {
      "n": 77516,
      "log_loss": 0.4869456075452277,
      "accuracy": 0.7655451777697507,
      "brier": 0.16102535405357554,
      "base_rate": 0.65403271582641,
      "auc": 0.8224031630232542
    }
  }
}