{
  "flat": {
    "model": "gb_spatial_emb2_tcal",
    "split": "randomrc108_119",
    "eval_set": "val",
    "log_loss": 0.6686376592583186,
    "accuracy": 0.6294757383891116,
    "auc": 0.6752668102478157,
    "brier": 0.22476563556632384,
    "apre": -0.24390768759922724,
    "contested_log_loss": 0.7897512086268493,
    "contested_accuracy": 0.5032844029398017,
    "contested_n": 402204,
    "n": 702035,
    "fit_seconds": 17.6,
    "git_rev": "none",
    "run_utc": "20260703T190916Z"
  },
  "lopsided": {
    "n": 299831,
    "log_loss": 0.5061716233573599,
    "accuracy": 0.7987532976910326,
    "brier": 0.159227641337679,
    "base_rate": 0.812207543582885,
    "auc": 0.7936995350391756
  },
  "by_chamber": {
    "House": {
      "n": 623346,
      "log_loss": 0.6663826467137203,
      "accuracy": 0.6320743214843763,
      "brier": 0.2224188360457516,
      "base_rate": 0.6392886133864659,
      "auc": 0.69690137262738
    },
    "Senate": {
      "n": 78689,
      "log_loss": 0.6865010588392696,
      "accuracy": 0.6088906962853766,
      "brier": 0.24335613860932517,
      "base_rate": 0.6394667615549823,
      "auc": 0.5254437569519017
    }
  }
}