{
  "flat": {
    "model": "blend_mlp_tfidf_tcal",
    "split": "forecast108_119",
    "eval_set": "val",
    "log_loss": 0.4199847231396128,
    "accuracy": 0.7872364850612088,
    "auc": 0.8779064948717161,
    "brier": 0.13814655384133692,
    "apre": 0.32018046602048583,
    "contested_log_loss": 0.43836904660382503,
    "contested_accuracy": 0.7803150362579839,
    "contested_n": 416460,
    "n": 696877,
    "fit_seconds": 151.6,
    "git_rev": "none",
    "run_utc": "20260703T221413Z"
  },
  "lopsided": {
    "n": 280417,
    "log_loss": 0.392681330870578,
    "accuracy": 0.7975158424774532,
    "brier": 0.1290797784127223,
    "base_rate": 0.7676567397839646,
    "auc": 0.853491764828062
  },
  "by_chamber": {
    "House": {
      "n": 619361,
      "log_loss": 0.4127597500309454,
      "accuracy": 0.7900368282794686,
      "brier": 0.13562101947781807,
      "base_rate": 0.6059616281942195,
      "auc": 0.8829140302024838
    },
    "Senate": {
      "n": 77516,
      "log_loss": 0.47771301884059414,
      "accuracy": 0.764861447959131,
      "brier": 0.15832583926529306,
      "base_rate": 0.65403271582641,
      "auc": 0.8283957993542668
    }
  }
}