{
  "flat": {
    "model": "emb2ctx_mlp_mq_16d_tcal",
    "split": "forecast108_119",
    "eval_set": "val",
    "log_loss": 0.4716803853541718,
    "accuracy": 0.7415010109388027,
    "auc": 0.8371698251310745,
    "brier": 0.15858685988675747,
    "apre": 0.17404700552952287,
    "contested_log_loss": 0.524209148486688,
    "contested_accuracy": 0.7103851510349133,
    "contested_n": 416460,
    "n": 696877,
    "fit_seconds": 76.2,
    "git_rev": "none",
    "run_utc": "20260703T195428Z"
  },
  "lopsided": {
    "n": 280417,
    "log_loss": 0.3936675377230805,
    "accuracy": 0.7877125851856343,
    "brier": 0.13107264127459473,
    "base_rate": 0.7676567397839646,
    "auc": 0.8457309088083528
  },
  "by_chamber": {
    "House": {
      "n": 619361,
      "log_loss": 0.46959473970927623,
      "accuracy": 0.7406908087528921,
      "brier": 0.1578653034349443,
      "base_rate": 0.6059616281942195,
      "auc": 0.8392203213037971
    },
    "Senate": {
      "n": 77516,
      "log_loss": 0.48834491360986376,
      "accuracy": 0.7479746116930698,
      "brier": 0.164352171893975,
      "base_rate": 0.65403271582641,
      "auc": 0.815111259730855
    }
  }
}