{
  "flat": {
    "model": "gb_spatial_tfidf",
    "split": "forecast108_119",
    "eval_set": "test",
    "log_loss": 0.8027615537348144,
    "accuracy": 0.724107167466211,
    "auc": 0.6893763688060748,
    "brier": 0.22025896336647033,
    "apre": -0.04690475928352031,
    "contested_log_loss": 1.2204892093984465,
    "contested_accuracy": 0.5763925053775614,
    "contested_n": 353320,
    "n": 689351,
    "fit_seconds": 19.9,
    "git_rev": "none",
    "run_utc": "20260703T190335Z"
  },
  "lopsided": {
    "n": 336031,
    "log_loss": 0.36354155528504417,
    "accuracy": 0.8794218390565156,
    "brier": 0.0978391383492981,
    "base_rate": 0.8991194264814854,
    "auc": 0.7174080241355317
  },
  "by_chamber": {
    "House": {
      "n": 612379,
      "log_loss": 0.7746926126226468,
      "accuracy": 0.7388741286033649,
      "brier": 0.20893733815646737,
      "base_rate": 0.7179214179454226,
      "auc": 0.7052196911357301
    },
    "Senate": {
      "n": 76972,
      "log_loss": 1.0260743179780172,
      "accuracy": 0.6066231876526529,
      "brier": 0.3103323085371351,
      "base_rate": 0.6341916541079873,
      "auc": 0.5205290013734646
    }
  }
}