{
  "flat": {
    "model": "emb3_mlp_mq_16d_tcal",
    "split": "forecast108_119",
    "eval_set": "val",
    "log_loss": 0.42391444924799043,
    "accuracy": 0.7899758493966654,
    "auc": 0.8784997070818269,
    "brier": 0.1388467312475505,
    "apre": 0.32893325141447577,
    "contested_log_loss": 0.4439425060902217,
    "contested_accuracy": 0.7844282764251068,
    "contested_n": 416460,
    "n": 696877,
    "fit_seconds": 79.6,
    "git_rev": "none",
    "run_utc": "20260612T063446Z"
  },
  "lopsided": {
    "n": 280417,
    "log_loss": 0.39416987401711795,
    "accuracy": 0.7982148015277247,
    "brier": 0.12982502039635813,
    "base_rate": 0.7676567397839646,
    "auc": 0.8558896224226124
  },
  "by_chamber": {
    "House": {
      "n": 619361,
      "log_loss": 0.41606829764326625,
      "accuracy": 0.795557033781591,
      "brier": 0.13580901130118547,
      "base_rate": 0.6059616281942195,
      "auc": 0.8847037775345005
    },
    "Senate": {
      "n": 77516,
      "log_loss": 0.4866060265230508,
      "accuracy": 0.7453815986377006,
      "brier": 0.16311843339550233,
      "base_rate": 0.65403271582641,
      "auc": 0.819753685047894
    }
  }
}