{
  "flat": {
    "model": "kraft_bilinear_16d",
    "split": "congressout118",
    "eval_set": "val",
    "log_loss": 0.6383978532198137,
    "accuracy": 0.6737174113136312,
    "auc": 0.6838781142508971,
    "brier": 0.2129080239310372,
    "apre": -0.06311245248419324,
    "contested_log_loss": 0.8472264039359285,
    "contested_accuracy": 0.5392222129760617,
    "contested_n": 288408,
    "n": 511719,
    "fit_seconds": 13.9,
    "git_rev": "67d3d61",
    "run_utc": "20260703T230817Z"
  },
  "lopsided": {
    "n": 223311,
    "log_loss": 0.36869405602696004,
    "accuracy": 0.8474190702652354,
    "brier": 0.1121538371379327,
    "base_rate": 0.8798267886490142,
    "auc": 0.7233232732803271
  },
  "by_chamber": {
    "House": {
      "n": 420436,
      "log_loss": 0.5583228325656352,
      "accuracy": 0.7121369245259683,
      "brier": 0.18656363747290522,
      "base_rate": 0.6903714239503753,
      "auc": 0.7468727854921237
    },
    "Senate": {
      "n": 91283,
      "log_loss": 1.0072115576747518,
      "accuracy": 0.4967628145437814,
      "brier": 0.3342463724177346,
      "base_rate": 0.6057754455922789,
      "auc": 0.3809910849073135
    }
  }
}