{
  "flat": {
    "model": "kraft_bilinear_16d",
    "split": "congressout118",
    "eval_set": "test",
    "log_loss": 0.7585267673363963,
    "accuracy": 0.6426619912043151,
    "auc": 0.6815574703784092,
    "brier": 0.24248501390584803,
    "apre": -0.02028918710866826,
    "contested_log_loss": 0.8922700363255579,
    "contested_accuracy": 0.5793267649728364,
    "contested_n": 380105,
    "n": 582331,
    "fit_seconds": 13.9,
    "git_rev": "67d3d61",
    "run_utc": "20260703T230817Z"
  },
  "lopsided": {
    "n": 202226,
    "log_loss": 0.5071422507108116,
    "accuracy": 0.7617071988765045,
    "brier": 0.16310110420827822,
    "base_rate": 0.708128529467032,
    "auc": 0.8042152497429081
  },
  "by_chamber": {
    "House": {
      "n": 516591,
      "log_loss": 0.730205694310462,
      "accuracy": 0.6540628853386915,
      "brier": 0.23343115182505944,
      "base_rate": 0.5682812902276656,
      "auc": 0.7032666659061604
    },
    "Senate": {
      "n": 65740,
      "log_loss": 0.9810763784641785,
      "accuracy": 0.5530727106784302,
      "brier": 0.3136310994880915,
      "base_rate": 0.5944021904472163,
      "auc": 0.4521682603821852
    }
  }
}