{
  "flat": {
    "model": "text_tower_8d",
    "split": "congressout118",
    "eval_set": "val",
    "log_loss": 0.634687727482357,
    "accuracy": 0.6841508718652229,
    "auc": 0.6821989166352039,
    "brier": 0.2128111381522499,
    "apre": -0.02911755904057866,
    "contested_log_loss": 0.8277967403272593,
    "contested_accuracy": 0.5630669052176084,
    "contested_n": 288408,
    "n": 511719,
    "fit_seconds": 20.7,
    "git_rev": "792de30",
    "run_utc": "20260705T193318Z"
  },
  "lopsided": {
    "n": 223311,
    "log_loss": 0.38528584321972537,
    "accuracy": 0.8405318143754674,
    "brier": 0.11832306358792899,
    "base_rate": 0.8798267886490142,
    "auc": 0.7226583467851013
  },
  "by_chamber": {
    "House": {
      "n": 420436,
      "log_loss": 0.5537502544416538,
      "accuracy": 0.7259416415340266,
      "brier": 0.1861425482161998,
      "base_rate": 0.6903714239503753,
      "auc": 0.7505504299005162
    },
    "Senate": {
      "n": 91283,
      "log_loss": 1.0074737600989567,
      "accuracy": 0.4916687663639451,
      "brier": 0.3356427199183308,
      "base_rate": 0.6057754455922789,
      "auc": 0.3419183202639981
    }
  }
}