{
  "flat": {
    "model": "blend3_mlp_tfidf_emb3_tcal",
    "split": "congressout118",
    "eval_set": "test",
    "log_loss": 0.642996565182726,
    "accuracy": 0.6206813650655727,
    "auc": 0.7052334666429929,
    "brier": 0.22571744210030656,
    "apre": -0.08304935989526896,
    "contested_log_loss": 0.7144115058771914,
    "contested_accuracy": 0.5718893463648203,
    "contested_n": 380105,
    "n": 582331,
    "fit_seconds": 239.2,
    "git_rev": "none",
    "run_utc": "20260703T223403Z"
  },
  "lopsided": {
    "n": 202226,
    "log_loss": 0.5087646858365003,
    "accuracy": 0.7123910871994699,
    "brier": 0.1734363875125171,
    "base_rate": 0.708128529467032,
    "auc": 0.7809356971166291
  },
  "by_chamber": {
    "House": {
      "n": 516591,
      "log_loss": 0.6373929254731249,
      "accuracy": 0.623621007721776,
      "brier": 0.22313915762299136,
      "base_rate": 0.5682812902276656,
      "auc": 0.723306881146949
    },
    "Senate": {
      "n": 65740,
      "log_loss": 0.6870304842764666,
      "accuracy": 0.5975813811986614,
      "brier": 0.24597783997710476,
      "base_rate": 0.5944021904472163,
      "auc": 0.5223580581136218
    }
  }
}