{
  "flat": {
    "model": "meta_tower_8d",
    "split": "congressout118",
    "eval_set": "val",
    "log_loss": 0.6188918876526233,
    "accuracy": 0.6796972557204247,
    "auc": 0.6669750536066685,
    "brier": 0.20792595042153864,
    "apre": -0.0436285839812038,
    "contested_log_loss": 0.7884214999776373,
    "contested_accuracy": 0.5494195722726138,
    "contested_n": 288408,
    "n": 511719,
    "fit_seconds": 17.3,
    "git_rev": "792de30",
    "run_utc": "20260705T193248Z"
  },
  "lopsided": {
    "n": 223311,
    "log_loss": 0.399942993816526,
    "accuracy": 0.847951959375042,
    "brier": 0.12094368160308736,
    "base_rate": 0.8798267886490142,
    "auc": 0.6973065778457703
  },
  "by_chamber": {
    "House": {
      "n": 420436,
      "log_loss": 0.5325436912834737,
      "accuracy": 0.7237986280908391,
      "brier": 0.18007678298298974,
      "base_rate": 0.6903714239503753,
      "auc": 0.7497915825468152
    },
    "Senate": {
      "n": 91283,
      "log_loss": 1.0165989118374086,
      "accuracy": 0.47657285584391396,
      "brier": 0.33619509759235583,
      "base_rate": 0.6057754455922789,
      "auc": 0.30548800541886895
    }
  }
}