{
  "flat": {
    "model": "emb2_mlp_mq_16d_tcal",
    "split": "randomrc108_119",
    "eval_set": "val",
    "log_loss": 0.38828976559532863,
    "accuracy": 0.8163638565028809,
    "auc": 0.89935255838844,
    "brier": 0.12525810553441177,
    "apre": 0.38350484898333936,
    "contested_log_loss": 0.42894056323219887,
    "contested_accuracy": 0.7970532366659705,
    "contested_n": 402204,
    "n": 702035,
    "fit_seconds": 70.3,
    "git_rev": "none",
    "run_utc": "20260703T180920Z"
  },
  "lopsided": {
    "n": 299831,
    "log_loss": 0.3337593354105252,
    "accuracy": 0.8422678108667883,
    "brier": 0.1069198657654926,
    "base_rate": 0.812207543582885,
    "auc": 0.8782846474588734
  },
  "by_chamber": {
    "House": {
      "n": 623346,
      "log_loss": 0.3786171191383201,
      "accuracy": 0.8231399575837496,
      "brier": 0.12148211723223762,
      "base_rate": 0.6392886133864659,
      "auc": 0.9053542663857878
    },
    "Senate": {
      "n": 78689,
      "log_loss": 0.46491299728451685,
      "accuracy": 0.7626860171053134,
      "brier": 0.15517012886940254,
      "base_rate": 0.6394667615549823,
      "auc": 0.8434941600610663
    }
  }
}