{
  "flat": {
    "model": "emb2_mlp_mq_16d_tcal",
    "split": "forecast108_119",
    "eval_set": "val",
    "log_loss": 0.42858397694619843,
    "accuracy": 0.7812655604934586,
    "auc": 0.8730653391891041,
    "brier": 0.14097435310542916,
    "apre": 0.3011022365682112,
    "contested_log_loss": 0.44557775999032195,
    "contested_accuracy": 0.772590404840801,
    "contested_n": 416460,
    "n": 696877,
    "fit_seconds": 72.2,
    "git_rev": "none",
    "run_utc": "20260703T220935Z"
  },
  "lopsided": {
    "n": 280417,
    "log_loss": 0.40334573929814016,
    "accuracy": 0.7941494274598188,
    "brier": 0.13237911316212111,
    "base_rate": 0.7676567397839646,
    "auc": 0.846704844144849
  },
  "by_chamber": {
    "House": {
      "n": 619361,
      "log_loss": 0.42130438409300625,
      "accuracy": 0.7830554393964102,
      "brier": 0.13847223183293836,
      "base_rate": 0.6059616281942195,
      "auc": 0.8784515416016262
    },
    "Senate": {
      "n": 77516,
      "log_loss": 0.4867486901556796,
      "accuracy": 0.7669642396408484,
      "brier": 0.1609665654674076,
      "base_rate": 0.65403271582641,
      "auc": 0.822703359262647
    }
  }
}