{
  "flat": {
    "model": "emb2_mlp_mq_16d_tcal",
    "split": "forecast108_119",
    "eval_set": "test",
    "log_loss": 0.34839330338262936,
    "accuracy": 0.8520782591161832,
    "auc": 0.9058050265088479,
    "brier": 0.10745582853727602,
    "apre": 0.4386951878722491,
    "contested_log_loss": 0.37679059039491053,
    "contested_accuracy": 0.8403203894486584,
    "contested_n": 353320,
    "n": 689351,
    "fit_seconds": 72.2,
    "git_rev": "none",
    "run_utc": "20260703T220935Z"
  },
  "lopsided": {
    "n": 336031,
    "log_loss": 0.3185349586252136,
    "accuracy": 0.8644410783528901,
    "brier": 0.09689968027201652,
    "base_rate": 0.8991194264814854,
    "auc": 0.8224451194659251
  },
  "by_chamber": {
    "House": {
      "n": 612379,
      "log_loss": 0.33094997993842246,
      "accuracy": 0.8641478561479085,
      "brier": 0.10064528904953621,
      "base_rate": 0.7179214179454226,
      "auc": 0.913226284152752
    },
    "Senate": {
      "n": 76972,
      "log_loss": 0.48717006593836354,
      "accuracy": 0.7560541495608792,
      "brier": 0.161639575366806,
      "base_rate": 0.6341916541079873,
      "auc": 0.8287898464409502
    }
  }
}