{
  "flat": {
    "model": "emb2_tower_mq_16d",
    "split": "forecast108_119",
    "eval_set": "test",
    "log_loss": 0.42359511648559095,
    "accuracy": 0.8068980823992422,
    "auc": 0.8640080235683913,
    "brier": 0.1346779563192754,
    "apre": 0.26725419175850185,
    "contested_log_loss": 0.4888956952179403,
    "contested_accuracy": 0.7703554851126457,
    "contested_n": 353320,
    "n": 689351,
    "fit_seconds": 73.4,
    "git_rev": "none",
    "run_utc": "20260612T024957Z"
  },
  "lopsided": {
    "n": 336031,
    "log_loss": 0.35493478313029425,
    "accuracy": 0.8453208186149492,
    "brier": 0.10975009892987796,
    "base_rate": 0.8991194264814854,
    "auc": 0.7936250729701713
  },
  "by_chamber": {
    "House": {
      "n": 612379,
      "log_loss": 0.41521975810904144,
      "accuracy": 0.8129148778779155,
      "brier": 0.13118619958712643,
      "base_rate": 0.7179214179454226,
      "auc": 0.8672567304276267
    },
    "Senate": {
      "n": 76972,
      "log_loss": 0.4902283543808378,
      "accuracy": 0.7590292573922985,
      "brier": 0.16245790871594715,
      "base_rate": 0.6341916541079873,
      "auc": 0.8311302557184089
    }
  }
}