{
  "flat": {
    "model": "member_rate",
    "split": "forecast108_119",
    "eval_set": "test",
    "log_loss": 0.5874480853171048,
    "accuracy": 0.6935392855018706,
    "auc": 0.65282734289059,
    "brier": 0.20055260549605403,
    "apre": -0.1628978454966807,
    "contested_log_loss": 0.6574192377974014,
    "contested_accuracy": 0.587733499377335,
    "contested_n": 353320,
    "n": 689351,
    "fit_seconds": 0.4,
    "git_rev": "none",
    "run_utc": "20260612T000552Z"
  },
  "lopsided": {
    "n": 336031,
    "log_loss": 0.5138768743444913,
    "accuracy": 0.8047888438864271,
    "brier": 0.1659747951117047,
    "base_rate": 0.8991194264814854,
    "auc": 0.5800040399014273
  },
  "by_chamber": {
    "House": {
      "n": 612379,
      "log_loss": 0.5863755930631404,
      "accuracy": 0.6935378254316363,
      "brier": 0.19998129792301317,
      "base_rate": 0.7179214179454226,
      "auc": 0.6447809384880191
    },
    "Senate": {
      "n": 76972,
      "log_loss": 0.5959806911216895,
      "accuracy": 0.6935509016265655,
      "brier": 0.20509785260242067,
      "base_rate": 0.6341916541079873,
      "auc": 0.7090172736865451
    }
  }
}