{
  "flat": {
    "model": "emb2tfidf_mq_16d_tcal",
    "split": "forecast108_119",
    "eval_set": "test",
    "log_loss": 0.39341700946230546,
    "accuracy": 0.817847511645011,
    "auc": 0.8763003142722764,
    "brier": 0.1266828920632346,
    "apre": 0.30880296808428653,
    "contested_log_loss": 0.46224439566976194,
    "contested_accuracy": 0.7764491112872184,
    "contested_n": 353320,
    "n": 689351,
    "fit_seconds": 71.3,
    "git_rev": "none",
    "run_utc": "20260612T025750Z"
  },
  "lopsided": {
    "n": 336031,
    "log_loss": 0.3210484122352089,
    "accuracy": 0.8613758849629944,
    "brier": 0.099415957815449,
    "base_rate": 0.8991194264814854,
    "auc": 0.8084545519605364
  },
  "by_chamber": {
    "House": {
      "n": 612379,
      "log_loss": 0.38342530910031725,
      "accuracy": 0.8244926752876894,
      "brier": 0.12286092635896129,
      "base_rate": 0.7179214179454226,
      "auc": 0.8798585933597273
    },
    "Senate": {
      "n": 76972,
      "log_loss": 0.47290964933101154,
      "accuracy": 0.7649794730551369,
      "brier": 0.1570899431469688,
      "base_rate": 0.6341916541079873,
      "auc": 0.8395019129197474
    }
  }
}