{
  "flat": {
    "model": "embtfidf_tower_mq_8d",
    "split": "forecast108_119",
    "eval_set": "val",
    "log_loss": 0.5062477182493335,
    "accuracy": 0.7373309780635607,
    "auc": 0.8215539833108426,
    "brier": 0.17014121567726742,
    "apre": 0.16072296448450724,
    "contested_log_loss": 0.5566799282727927,
    "contested_accuracy": 0.7072756087019162,
    "contested_n": 416460,
    "n": 696877,
    "fit_seconds": 78.2,
    "git_rev": "none",
    "run_utc": "20260612T005404Z"
  },
  "lopsided": {
    "n": 280417,
    "log_loss": 0.4313485566921887,
    "accuracy": 0.7819675697265145,
    "brier": 0.14207505840918952,
    "base_rate": 0.7676567397839646,
    "auc": 0.8311219449993171
  },
  "by_chamber": {
    "House": {
      "n": 619361,
      "log_loss": 0.5037608912275102,
      "accuracy": 0.7377232341074107,
      "brier": 0.1696909215507472,
      "base_rate": 0.6059616281942195,
      "auc": 0.8229498251009774
    },
    "Senate": {
      "n": 77516,
      "log_loss": 0.5261177279384734,
      "accuracy": 0.7341968109809588,
      "brier": 0.17373911314999155,
      "base_rate": 0.65403271582641,
      "auc": 0.8053044709517599
    }
  }
}