{
  "flat": {
    "model": "emb2tfidf_tower_mq_16d",
    "split": "forecast108_119",
    "eval_set": "val",
    "log_loss": 0.4990931515362233,
    "accuracy": 0.7489083439401788,
    "auc": 0.8324432124703833,
    "brier": 0.1658338802727217,
    "apre": 0.19771483067555548,
    "contested_log_loss": 0.5504177646881594,
    "contested_accuracy": 0.7173173894251549,
    "contested_n": 416460,
    "n": 696877,
    "fit_seconds": 86.3,
    "git_rev": "none",
    "run_utc": "20260612T024957Z"
  },
  "lopsided": {
    "n": 280417,
    "log_loss": 0.4228686416339872,
    "accuracy": 0.7958255027334291,
    "brier": 0.1369425954001642,
    "base_rate": 0.7676567397839646,
    "auc": 0.8417809428757431
  },
  "by_chamber": {
    "House": {
      "n": 619361,
      "log_loss": 0.49568121992456543,
      "accuracy": 0.7493432747622146,
      "brier": 0.16505576221579862,
      "base_rate": 0.6059616281942195,
      "auc": 0.8342394498099601
    },
    "Senate": {
      "n": 77516,
      "log_loss": 0.5263548442825974,
      "accuracy": 0.7454332008875587,
      "brier": 0.17205112545892687,
      "base_rate": 0.65403271582641,
      "auc": 0.814484173008343
    }
  }
}