{
  "flat": {
    "model": "ideal_point_2d",
    "split": "regimeA_seed42",
    "eval_set": "val",
    "log_loss": 0.16060274504751018,
    "accuracy": 0.9331270196957189,
    "auc": 0.9829146831048324,
    "brier": 0.04825273724327444,
    "apre": 0.7569892546852178,
    "contested_log_loss": 0.1525062494063724,
    "contested_accuracy": 0.9386232051470537,
    "contested_n": 571356,
    "n": 1059875,
    "fit_seconds": 15.8,
    "git_rev": "none",
    "run_utc": "20260611T234841Z"
  },
  "lopsided": {
    "n": 488519,
    "log_loss": 0.1700721441159963,
    "accuracy": 0.9266988592050668,
    "brier": 0.052166413990989445,
    "base_rate": 0.785424927177858,
    "auc": 0.9727631279635072
  },
  "by_chamber": {
    "House": {
      "n": 936436,
      "log_loss": 0.15526528203257547,
      "accuracy": 0.9352150066849203,
      "brier": 0.046743940950267744,
      "base_rate": 0.6367632171338992,
      "auc": 0.9840015434003563
    },
    "Senate": {
      "n": 123439,
      "log_loss": 0.20109393920700083,
      "accuracy": 0.917287081068382,
      "brier": 0.05969880506169505,
      "base_rate": 0.6379669310347621,
      "auc": 0.9737198189817671
    }
  }
}