{
  "flat": {
    "model": "gb_spatial_emb2",
    "split": "forecast108_119",
    "eval_set": "test",
    "log_loss": 0.6505879097202547,
    "accuracy": 0.7150319648480963,
    "auc": 0.6994400383392677,
    "brier": 0.2063787935669093,
    "apre": -0.0813415829048914,
    "contested_log_loss": 0.9704582877082865,
    "contested_accuracy": 0.5543360126797238,
    "contested_n": 353320,
    "n": 689351,
    "fit_seconds": 14.6,
    "git_rev": "none",
    "run_utc": "20260703T190410Z"
  },
  "lopsided": {
    "n": 336031,
    "log_loss": 0.3142600055961368,
    "accuracy": 0.8839958218140588,
    "brier": 0.09197457287573065,
    "base_rate": 0.8991194264814854,
    "auc": 0.7335251268998992
  },
  "by_chamber": {
    "House": {
      "n": 612379,
      "log_loss": 0.6292126425826416,
      "accuracy": 0.7247652189248814,
      "brier": 0.198641893571483,
      "base_rate": 0.7179214179454226,
      "auc": 0.712010303882495
    },
    "Senate": {
      "n": 76972,
      "log_loss": 0.82064669362173,
      "accuracy": 0.637595489268825,
      "brier": 0.2679325414531421,
      "base_rate": 0.6341916541079873,
      "auc": 0.5833914969200205
    }
  }
}