{
  "flat": {
    "model": "emb2_tower_mq_16d",
    "split": "forecast108_119",
    "eval_set": "val",
    "log_loss": 0.48812618732386415,
    "accuracy": 0.7478651182346383,
    "auc": 0.8349422725981224,
    "brier": 0.16304608285730166,
    "apre": 0.19438152790896002,
    "contested_log_loss": 0.539255404551023,
    "contested_accuracy": 0.7136531719732988,
    "contested_n": 416460,
    "n": 696877,
    "fit_seconds": 73.4,
    "git_rev": "none",
    "run_utc": "20260612T024957Z"
  },
  "lopsided": {
    "n": 280417,
    "log_loss": 0.4121918687682046,
    "accuracy": 0.7986748306985668,
    "brier": 0.13387776673724933,
    "base_rate": 0.7676567397839646,
    "auc": 0.8468868011960257
  },
  "by_chamber": {
    "House": {
      "n": 619361,
      "log_loss": 0.48518421826691766,
      "accuracy": 0.7479999547921163,
      "brier": 0.1622653471921587,
      "base_rate": 0.6059616281942195,
      "auc": 0.8368944075910153
    },
    "Senate": {
      "n": 77516,
      "log_loss": 0.5116328297858042,
      "accuracy": 0.7467877599463336,
      "brier": 0.16928424300873626,
      "base_rate": 0.65403271582641,
      "auc": 0.816654862795809
    }
  }
}