{
  "flat": {
    "model": "emb2maj_mlp_mq_16d_tcal",
    "split": "congressout118",
    "eval_set": "val",
    "log_loss": 0.6266764364678348,
    "accuracy": 0.6433315940975418,
    "auc": 0.6239643375008511,
    "brier": 0.21930927039960357,
    "apre": -0.16211724704399152,
    "contested_log_loss": 0.7974710324346054,
    "contested_accuracy": 0.48548237219494605,
    "contested_n": 288408,
    "n": 511719,
    "fit_seconds": 126.3,
    "git_rev": "none",
    "run_utc": "20260703T192151Z"
  },
  "lopsided": {
    "n": 223311,
    "log_loss": 0.4060938058155861,
    "accuracy": 0.8471951672779218,
    "brier": 0.12784961747585932,
    "base_rate": 0.8798267886490142,
    "auc": 0.6794630576308692
  },
  "by_chamber": {
    "House": {
      "n": 420436,
      "log_loss": 0.6152072901822289,
      "accuracy": 0.6535358532570951,
      "brier": 0.21434804512372946,
      "base_rate": 0.6903714239503753,
      "auc": 0.637178679878037
    },
    "Senate": {
      "n": 91283,
      "log_loss": 0.6795016283188362,
      "accuracy": 0.5963322853105179,
      "brier": 0.24215994040483368,
      "base_rate": 0.6057754455922789,
      "auc": 0.5486222473399984
    }
  }
}