{
  "flat": {
    "model": "emb2_mlp_mqr_16d_tcal",
    "split": "randomrc108_119",
    "eval_set": "val",
    "log_loss": 0.3944033075734753,
    "accuracy": 0.8062290341649633,
    "auc": 0.8967651334689165,
    "brier": 0.12794731101534157,
    "apre": 0.34948067101513036,
    "contested_log_loss": 0.4378011485954482,
    "contested_accuracy": 0.7776252846814055,
    "contested_n": 402204,
    "n": 702035,
    "fit_seconds": 72.4,
    "git_rev": "none",
    "run_utc": "20260703T201653Z"
  },
  "lopsided": {
    "n": 299831,
    "log_loss": 0.33618789538994015,
    "accuracy": 0.8445991241732843,
    "brier": 0.107264471417298,
    "base_rate": 0.812207543582885,
    "auc": 0.8793690951849397
  },
  "by_chamber": {
    "House": {
      "n": 623346,
      "log_loss": 0.3798641498113847,
      "accuracy": 0.8150401221793354,
      "brier": 0.1224630957337061,
      "base_rate": 0.6392886133864659,
      "auc": 0.9052787111982157
    },
    "Senate": {
      "n": 78689,
      "log_loss": 0.5095772942090686,
      "accuracy": 0.736430759064164,
      "brier": 0.17139129504038145,
      "base_rate": 0.6394667615549823,
      "auc": 0.8118559287901104
    }
  }
}