{
  "flat": {
    "model": "ideal_point_1d",
    "split": "regimeA_seed42",
    "eval_set": "test",
    "log_loss": 0.19277508333584342,
    "accuracy": 0.9155725375480925,
    "auc": 0.975418514815746,
    "brier": 0.05889402315860688,
    "apre": 0.6932151366791868,
    "contested_log_loss": 0.19498847209775014,
    "contested_accuracy": 0.9123944042830027,
    "contested_n": 569507,
    "n": 1058376,
    "fit_seconds": 16.1,
    "git_rev": "none",
    "run_utc": "20260611T234841Z"
  },
  "lopsided": {
    "n": 488869,
    "log_loss": 0.19019660036059413,
    "accuracy": 0.9192748977742503,
    "brier": 0.05831896343885317,
    "base_rate": 0.7850855750722586,
    "auc": 0.9657475685583764
  },
  "by_chamber": {
    "House": {
      "n": 933927,
      "log_loss": 0.17180604903620636,
      "accuracy": 0.928460147313441,
      "brier": 0.051617085721693226,
      "base_rate": 0.636120381999878,
      "auc": 0.9804919886055997
    },
    "Senate": {
      "n": 124449,
      "log_loss": 0.3501371135358221,
      "accuracy": 0.8188575239656405,
      "brier": 0.1135037697185993,
      "base_rate": 0.6418050767784393,
      "auc": 0.9146510575028487
    }
  }
}