{
  "flat": {
    "model": "member_rate",
    "split": "regimeA_seed42",
    "eval_set": "test",
    "log_loss": 0.629419965491148,
    "accuracy": 0.649016039668322,
    "auc": 0.6316093439803515,
    "brier": 0.21958608293342552,
    "apre": -0.27537371337540256,
    "contested_log_loss": 0.6930832933692357,
    "contested_accuracy": 0.5524848684915199,
    "contested_n": 569507,
    "n": 1058376,
    "fit_seconds": 0.7,
    "git_rev": "none",
    "run_utc": "20260611T233950Z"
  },
  "lopsided": {
    "n": 488869,
    "log_loss": 0.555255494293617,
    "accuracy": 0.7614698416140111,
    "brier": 0.1850382052673056,
    "base_rate": 0.7850855750722586,
    "auc": 0.6035167298121666
  },
  "by_chamber": {
    "House": {
      "n": 933927,
      "log_loss": 0.6319443892263562,
      "accuracy": 0.6456157708257712,
      "brier": 0.22073147325263118,
      "base_rate": 0.636120381999878,
      "auc": 0.6268488654062081
    },
    "Senate": {
      "n": 124449,
      "log_loss": 0.6104754381285198,
      "accuracy": 0.6745333429758374,
      "brier": 0.21099050607346811,
      "base_rate": 0.6418050767784393,
      "auc": 0.6642692608429224
    }
  }
}