{
  "flat": {
    "model": "meta_tower_8d",
    "split": "randomrc108_119",
    "eval_set": "val",
    "log_loss": 0.5511218562208012,
    "accuracy": 0.6869871160269787,
    "auc": 0.7514270502381076,
    "brier": 0.18957248223748913,
    "apre": -0.05083303047112608,
    "contested_log_loss": 0.6665108330181219,
    "contested_accuracy": 0.5921572137522252,
    "contested_n": 402204,
    "n": 702035,
    "fit_seconds": 17.6,
    "git_rev": "none",
    "run_utc": "20260703T180920Z"
  },
  "lopsided": {
    "n": 299831,
    "log_loss": 0.3963349661934538,
    "accuracy": 0.8141953300359203,
    "brier": 0.126005135056713,
    "base_rate": 0.812207543582885,
    "auc": 0.8347127121046624
  },
  "by_chamber": {
    "House": {
      "n": 623346,
      "log_loss": 0.5433839714461252,
      "accuracy": 0.6915068036050604,
      "brier": 0.18655113727427752,
      "base_rate": 0.6392886133864659,
      "auc": 0.7606834407770844
    },
    "Senate": {
      "n": 78689,
      "log_loss": 0.6124186006546505,
      "accuracy": 0.6511837740980315,
      "brier": 0.21350649204112182,
      "base_rate": 0.6394667615549823,
      "auc": 0.6586931646801899
    }
  }
}