{
  "flat": {
    "model": "emb4_mlp_mq_16d_tcal",
    "split": "randomrc108_119",
    "eval_set": "val",
    "log_loss": 0.42075213804793943,
    "accuracy": 0.7882071406696247,
    "auc": 0.8747961759947209,
    "brier": 0.13874655131642114,
    "apre": 0.28897836607433197,
    "contested_log_loss": 0.4882558650449293,
    "contested_accuracy": 0.7465937683364661,
    "contested_n": 402204,
    "n": 702035,
    "fit_seconds": 71.8,
    "git_rev": "none",
    "run_utc": "20260703T203428Z"
  },
  "lopsided": {
    "n": 299831,
    "log_loss": 0.330200230429657,
    "accuracy": 0.844028802892296,
    "brier": 0.10582933593084923,
    "base_rate": 0.812207543582885,
    "auc": 0.8784328719744847
  },
  "by_chamber": {
    "House": {
      "n": 623346,
      "log_loss": 0.41608440251146006,
      "accuracy": 0.7913245613190748,
      "brier": 0.13691283799668802,
      "base_rate": 0.6392886133864659,
      "auc": 0.8782225312234286
    },
    "Senate": {
      "n": 78689,
      "log_loss": 0.45772826273782335,
      "accuracy": 0.7635120537813418,
      "brier": 0.15327256973071546,
      "base_rate": 0.6394667615549823,
      "auc": 0.8461081794800565
    }
  }
}