{
  "flat": {
    "model": "emb2tfidf_mq_16d_tcal",
    "split": "randomrc108_119",
    "eval_set": "test",
    "log_loss": 0.4375670184267826,
    "accuracy": 0.7773911899915377,
    "auc": 0.8652337448657321,
    "brier": 0.1453837453474077,
    "apre": 0.2643766119661027,
    "contested_log_loss": 0.4878092174791418,
    "contested_accuracy": 0.7433168767627645,
    "contested_n": 406322,
    "n": 699568,
    "fit_seconds": 70.3,
    "git_rev": "none",
    "run_utc": "20260703T180920Z"
  },
  "lopsided": {
    "n": 293246,
    "log_loss": 0.36795136875601886,
    "accuracy": 0.8246045981871876,
    "brier": 0.11904908760266049,
    "base_rate": 0.7945752030718236,
    "auc": 0.8570828308355721
  },
  "by_chamber": {
    "House": {
      "n": 621620,
      "log_loss": 0.43599987220729064,
      "accuracy": 0.7777597245905858,
      "brier": 0.1448395304647005,
      "base_rate": 0.6304961230333644,
      "auc": 0.866052383520527
    },
    "Senate": {
      "n": 77948,
      "log_loss": 0.45006470192040055,
      "accuracy": 0.774452198901832,
      "brier": 0.14972375221594064,
      "base_rate": 0.6270334068866423,
      "auc": 0.8585404738223577
    }
  }
}