{
  "flat": {
    "model": "emb_tower_mq_8d",
    "split": "forecast108_119",
    "eval_set": "val",
    "log_loss": 0.49526019229067186,
    "accuracy": 0.7409141067935948,
    "auc": 0.8263934238128978,
    "brier": 0.16646467000469195,
    "apre": 0.17217173616014525,
    "contested_log_loss": 0.5447855286367383,
    "contested_accuracy": 0.7113792441050761,
    "contested_n": 416460,
    "n": 696877,
    "fit_seconds": 70.1,
    "git_rev": "none",
    "run_utc": "20260612T005404Z"
  },
  "lopsided": {
    "n": 280417,
    "log_loss": 0.42170786994686676,
    "accuracy": 0.7847776703980144,
    "brier": 0.1387300429334393,
    "base_rate": 0.7676567397839646,
    "auc": 0.838058985730997
  },
  "by_chamber": {
    "House": {
      "n": 619361,
      "log_loss": 0.4917008376723042,
      "accuracy": 0.7421826689119916,
      "brier": 0.165533041952652,
      "base_rate": 0.6059616281942195,
      "auc": 0.8287284843523455
    },
    "Senate": {
      "n": 77516,
      "log_loss": 0.5236998103796731,
      "accuracy": 0.73077816192786,
      "brier": 0.17390847621166222,
      "base_rate": 0.65403271582641,
      "auc": 0.8046301533493467
    }
  }
}