{
  "flat": {
    "model": "constant_rate",
    "split": "regimeA_seed42",
    "eval_set": "test",
    "log_loss": 0.6552458189766187,
    "accuracy": 0.6367888160729268,
    "auc": 0.5,
    "brier": 0.23128991659768885,
    "apre": -0.31980389060171804,
    "contested_log_loss": 0.7272950932608467,
    "contested_accuracy": 0.5094897867804962,
    "contested_n": 569507,
    "n": 1058376,
    "fit_seconds": 0.0,
    "git_rev": "none",
    "run_utc": "20260611T233950Z"
  },
  "lopsided": {
    "n": 488869,
    "log_loss": 0.5713121556643856,
    "accuracy": 0.7850855750722586,
    "brier": 0.19040862325906568,
    "base_rate": 0.7850855750722586,
    "auc": 0.5
  },
  "by_chamber": {
    "House": {
      "n": 933927,
      "log_loss": 0.6556241422846414,
      "accuracy": 0.636120381999878,
      "brier": 0.23147418528705338,
      "base_rate": 0.636120381999878,
      "auc": 0.5
    },
    "Senate": {
      "n": 124449,
      "log_loss": 0.6524066932938735,
      "accuracy": 0.6418050767784393,
      "brier": 0.2299070729890432,
      "base_rate": 0.6418050767784393,
      "auc": 0.5
    }
  }
}