{
  "flat": {
    "model": "gb_spatial_emb2_tcal",
    "split": "randomrc108_119",
    "eval_set": "test",
    "log_loss": 0.6621732161855897,
    "accuracy": 0.6229959060448734,
    "auc": 0.6700715849191381,
    "brier": 0.2257627983119989,
    "apre": -0.24583132575650218,
    "contested_log_loss": 0.7696945643940731,
    "contested_accuracy": 0.5074792898243266,
    "contested_n": 406322,
    "n": 699568,
    "fit_seconds": 17.6,
    "git_rev": "none",
    "run_utc": "20260703T190916Z"
  },
  "lopsided": {
    "n": 293246,
    "log_loss": 0.5131915105637993,
    "accuracy": 0.7830558643596162,
    "brier": 0.1645305737324954,
    "base_rate": 0.7945752030718236,
    "auc": 0.7832580216844098
  },
  "by_chamber": {
    "House": {
      "n": 621620,
      "log_loss": 0.6585824317313598,
      "accuracy": 0.6256764582864129,
      "brier": 0.22325618476513978,
      "base_rate": 0.6304961230333644,
      "auc": 0.6914075865377025
    },
    "Senate": {
      "n": 77948,
      "log_loss": 0.6908090173920151,
      "accuracy": 0.6016190280699953,
      "brier": 0.24575254933830518,
      "base_rate": 0.6270334068866423,
      "auc": 0.5231223636574184
    }
  }
}