{
  "flat": {
    "model": "text_tower_mq_8d",
    "split": "congressout118",
    "eval_set": "val",
    "log_loss": 0.6504357085570105,
    "accuracy": 0.6478751033281938,
    "auc": 0.5793043924845965,
    "brier": 0.22651338247176314,
    "apre": -0.1473133273480927,
    "contested_log_loss": 0.7916707085171417,
    "contested_accuracy": 0.5129608055255055,
    "contested_n": 288408,
    "n": 511719,
    "fit_seconds": 72.0,
    "git_rev": "792de30",
    "run_utc": "20260705T193352Z"
  },
  "lopsided": {
    "n": 223311,
    "log_loss": 0.46802954017076226,
    "accuracy": 0.8221180326987922,
    "brier": 0.14829595763826414,
    "base_rate": 0.8798267886490142,
    "auc": 0.6606579426583427
  },
  "by_chamber": {
    "House": {
      "n": 420436,
      "log_loss": 0.6355600875451214,
      "accuracy": 0.657993130940262,
      "brier": 0.21955002143950633,
      "base_rate": 0.6903714239503753,
      "auc": 0.6034558429231474
    },
    "Senate": {
      "n": 91283,
      "log_loss": 0.7189506192824973,
      "accuracy": 0.6012729642978429,
      "brier": 0.25858559371545514,
      "base_rate": 0.6057754455922789,
      "auc": 0.4136399574530776
    }
  }
}