{
  "flat": {
    "model": "party_congress_rate",
    "split": "forecast108_119",
    "eval_set": "test",
    "log_loss": 0.5889571335668944,
    "accuracy": 0.6855781742537547,
    "auc": 0.6514832187243513,
    "brier": 0.2012252702681326,
    "apre": -0.19310713066836943,
    "contested_log_loss": 0.6570487736712147,
    "contested_accuracy": 0.5882882372919733,
    "contested_n": 353320,
    "n": 689351,
    "fit_seconds": 0.3,
    "git_rev": "none",
    "run_utc": "20260612T000552Z"
  },
  "lopsided": {
    "n": 336031,
    "log_loss": 0.5173621370289008,
    "accuracy": 0.7878737378396636,
    "brier": 0.1675247437348985,
    "base_rate": 0.8991194264814854,
    "auc": 0.5620600802310206
  },
  "by_chamber": {
    "House": {
      "n": 612379,
      "log_loss": 0.5876760714412568,
      "accuracy": 0.6818979749468874,
      "brier": 0.20055030937509274,
      "base_rate": 0.7179214179454226,
      "auc": 0.6414837800486896
    },
    "Senate": {
      "n": 76972,
      "log_loss": 0.5991490935450127,
      "accuracy": 0.714857350724939,
      "brier": 0.20659516940962394,
      "base_rate": 0.6341916541079873,
      "auc": 0.7122965837022084
    }
  }
}