{
  "flat": {
    "model": "emb2_mlp_mq_16d_tcal",
    "split": "randomrc108_119",
    "eval_set": "val",
    "log_loss": 0.42749643435679013,
    "accuracy": 0.7801662310283676,
    "auc": 0.8698221325661769,
    "brier": 0.14168310687064106,
    "apre": 0.26198377933778383,
    "contested_log_loss": 0.497634582384103,
    "contested_accuracy": 0.7358156557368898,
    "contested_n": 402204,
    "n": 702035,
    "fit_seconds": 71.0,
    "git_rev": "none",
    "run_utc": "20260703T224205Z"
  },
  "lopsided": {
    "n": 299831,
    "log_loss": 0.3334106203843278,
    "accuracy": 0.839659674950222,
    "brier": 0.10787189591001319,
    "base_rate": 0.812207543582885,
    "auc": 0.8749093112144448
  },
  "by_chamber": {
    "House": {
      "n": 623346,
      "log_loss": 0.4226290258996098,
      "accuracy": 0.7832616235605907,
      "brier": 0.1397555386860625,
      "base_rate": 0.6392886133864659,
      "auc": 0.8736984007272256
    },
    "Senate": {
      "n": 78689,
      "log_loss": 0.4660542962199424,
      "accuracy": 0.7556456429742404,
      "brier": 0.15695260982002898,
      "base_rate": 0.6394667615549823,
      "auc": 0.8375467593944851
    }
  }
}