{
  "flat": {
    "model": "emb2_mlp_mqr_16d_tcal",
    "split": "forecast108_119",
    "eval_set": "val",
    "log_loss": 0.47143766110556257,
    "accuracy": 0.7507393700753504,
    "auc": 0.8390167539893878,
    "brier": 0.15774444841608748,
    "apre": 0.20356530430715902,
    "contested_log_loss": 0.5129172386837908,
    "contested_accuracy": 0.7272919368006531,
    "contested_n": 416460,
    "n": 696877,
    "fit_seconds": 74.9,
    "git_rev": "none",
    "run_utc": "20260703T201522Z"
  },
  "lopsided": {
    "n": 280417,
    "log_loss": 0.40983445987942774,
    "accuracy": 0.7855622162707682,
    "brier": 0.13543983458781153,
    "base_rate": 0.7676567397839646,
    "auc": 0.8330413232457821
  },
  "by_chamber": {
    "House": {
      "n": 619361,
      "log_loss": 0.46453597984065187,
      "accuracy": 0.7555464422202883,
      "brier": 0.1550479984491656,
      "base_rate": 0.6059616281942195,
      "auc": 0.8458554390988643
    },
    "Senate": {
      "n": 77516,
      "log_loss": 0.526582820942453,
      "accuracy": 0.7123303576035915,
      "brier": 0.17928936750327884,
      "base_rate": 0.65403271582641,
      "auc": 0.7675273338567525
    }
  }
}