{
  "flat": {
    "model": "majority_question_rate",
    "split": "forecast108_119",
    "eval_set": "test",
    "log_loss": 0.4827820600172385,
    "accuracy": 0.7395187647511935,
    "auc": 0.7822104177581657,
    "brier": 0.16103252785056563,
    "apre": 0.01157618927041934,
    "contested_log_loss": 0.5677652315356758,
    "contested_accuracy": 0.6486244763953357,
    "contested_n": 353320,
    "n": 689351,
    "fit_seconds": 25.1,
    "git_rev": "none",
    "run_utc": "20260703T191611Z"
  },
  "lopsided": {
    "n": 336031,
    "log_loss": 0.39342645246646396,
    "accuracy": 0.8350896197077056,
    "brier": 0.12181604511319757,
    "base_rate": 0.8991194264814854,
    "auc": 0.6999441850590183
  },
  "by_chamber": {
    "House": {
      "n": 612379,
      "log_loss": 0.4691835448607802,
      "accuracy": 0.7487895567940769,
      "brier": 0.15574255799570805,
      "base_rate": 0.7179214179454226,
      "auc": 0.7889371561687522
    },
    "Senate": {
      "n": 76972,
      "log_loss": 0.5909700389316047,
      "accuracy": 0.6657615756378943,
      "brier": 0.20311882481242016,
      "base_rate": 0.6341916541079873,
      "auc": 0.7161598357836051
    }
  }
}