{
  "flat": {
    "model": "gb_spatial_tfidf_tcal",
    "split": "randomrc108_119",
    "eval_set": "test",
    "log_loss": 0.6846651060816743,
    "accuracy": 0.6344701301374562,
    "auc": 0.6871351630446243,
    "brier": 0.22285846543463245,
    "apre": -0.20791410405388808,
    "contested_log_loss": 0.8050007917435638,
    "contested_accuracy": 0.5280885603043891,
    "contested_n": 406322,
    "n": 699568,
    "fit_seconds": 24.1,
    "git_rev": "none",
    "run_utc": "20260703T190838Z"
  },
  "lopsided": {
    "n": 293246,
    "log_loss": 0.5179278395221641,
    "accuracy": 0.7818725575114409,
    "brier": 0.16295836542256448,
    "base_rate": 0.7945752030718236,
    "auc": 0.7909173367928707
  },
  "by_chamber": {
    "House": {
      "n": 621620,
      "log_loss": 0.6818205122545175,
      "accuracy": 0.6375840545670989,
      "brier": 0.21967693300163257,
      "base_rate": 0.6304961230333644,
      "auc": 0.7058228442766327
    },
    "Senate": {
      "n": 77948,
      "log_loss": 0.7073501835029976,
      "accuracy": 0.6096371940267871,
      "brier": 0.2482305621016598,
      "base_rate": 0.6270334068866423,
      "auc": 0.5517773044507226
    }
  }
}