{
  "flat": {
    "model": "member_question_rate",
    "split": "forecast108_119",
    "eval_set": "val",
    "log_loss": 0.5114764215825315,
    "accuracy": 0.7018182548713762,
    "auc": 0.7929981198965292,
    "brier": 0.17586657972880776,
    "apre": 0.047253120099769834,
    "contested_log_loss": 0.5673002168002458,
    "contested_accuracy": 0.6540508092013638,
    "contested_n": 416460,
    "n": 696877,
    "fit_seconds": 24.2,
    "git_rev": "none",
    "run_utc": "20260612T000552Z"
  },
  "lopsided": {
    "n": 280417,
    "log_loss": 0.4285699724144383,
    "accuracy": 0.7727598540744677,
    "brier": 0.14186852513349277,
    "base_rate": 0.7676567397839646,
    "auc": 0.8171919611710831
  },
  "by_chamber": {
    "House": {
      "n": 619361,
      "log_loss": 0.514750958088246,
      "accuracy": 0.6962433863288131,
      "brier": 0.17750196774978566,
      "base_rate": 0.6059616281942195,
      "auc": 0.7888319869706237
    },
    "Senate": {
      "n": 77516,
      "log_loss": 0.4853125301960321,
      "accuracy": 0.7463620413850044,
      "brier": 0.16279965728620496,
      "base_rate": 0.65403271582641,
      "auc": 0.8192546753856546
    }
  }
}