{
  "flat": {
    "model": "meta_tower_8d",
    "split": "randomrc108_119",
    "eval_set": "test",
    "log_loss": 0.5649918790657587,
    "accuracy": 0.6704437595773391,
    "auc": 0.7361483997638738,
    "brier": 0.19545579922421777,
    "apre": -0.08903721338888416,
    "contested_log_loss": 0.6674136470004993,
    "contested_accuracy": 0.5818144230437928,
    "contested_n": 406322,
    "n": 699568,
    "fit_seconds": 17.6,
    "git_rev": "none",
    "run_utc": "20260703T180920Z"
  },
  "lopsided": {
    "n": 293246,
    "log_loss": 0.42307615782564056,
    "accuracy": 0.7932486717636387,
    "brier": 0.13669861513337983,
    "base_rate": 0.7945752030718236,
    "auc": 0.818557626328131
  },
  "by_chamber": {
    "House": {
      "n": 621620,
      "log_loss": 0.5589549604328037,
      "accuracy": 0.6735401048872302,
      "brier": 0.19312119320800947,
      "base_rate": 0.6304961230333644,
      "auc": 0.7429253950744887
    },
    "Senate": {
      "n": 77948,
      "log_loss": 0.6131351202087941,
      "accuracy": 0.6457510134961769,
      "brier": 0.2140738239560313,
      "base_rate": 0.6270334068866423,
      "auc": 0.6679039954388185
    }
  }
}