{
  "flat": {
    "model": "emb4_mlp_mq_16d_tcal",
    "split": "randomrc108_119",
    "eval_set": "val",
    "log_loss": 0.42764358432494026,
    "accuracy": 0.7840990833790338,
    "auc": 0.8723955825683226,
    "brier": 0.14105898452450807,
    "apre": 0.2751869775626925,
    "contested_log_loss": 0.4986272915196538,
    "contested_accuracy": 0.7390950860757227,
    "contested_n": 402204,
    "n": 702035,
    "fit_seconds": 72.0,
    "git_rev": "none",
    "run_utc": "20260703T202930Z"
  },
  "lopsided": {
    "n": 299831,
    "log_loss": 0.33242350711963997,
    "accuracy": 0.844469050898673,
    "brier": 0.10670191195464616,
    "base_rate": 0.812207543582885,
    "auc": 0.8764517656688402
  },
  "by_chamber": {
    "House": {
      "n": 623346,
      "log_loss": 0.4232540840007195,
      "accuracy": 0.7875449589794432,
      "brier": 0.13925456395438274,
      "base_rate": 0.6392886133864659,
      "auc": 0.8758194597052393
    },
    "Senate": {
      "n": 78689,
      "log_loss": 0.4624156295803351,
      "accuracy": 0.7568020943206801,
      "brier": 0.15535295629572576,
      "base_rate": 0.6394667615549823,
      "auc": 0.8432512764543881
    }
  }
}