{
  "flat": {
    "model": "blend_mlp_tfidf_tcal",
    "split": "forecast108_119",
    "eval_set": "test",
    "log_loss": 0.3369136291914251,
    "accuracy": 0.8561255441712567,
    "auc": 0.911669859594677,
    "brier": 0.10418673547916357,
    "apre": 0.45405304239648586,
    "contested_log_loss": 0.3647033061934031,
    "contested_accuracy": 0.8444356390807201,
    "contested_n": 353320,
    "n": 689351,
    "fit_seconds": 151.6,
    "git_rev": "none",
    "run_utc": "20260703T221413Z"
  },
  "lopsided": {
    "n": 336031,
    "log_loss": 0.30769415635011316,
    "accuracy": 0.8684169020120167,
    "brier": 0.09377508936479097,
    "base_rate": 0.8991194264814854,
    "auc": 0.8277393011883011
  },
  "by_chamber": {
    "House": {
      "n": 612379,
      "log_loss": 0.32004120069766007,
      "accuracy": 0.867884104451655,
      "brier": 0.09762065358873656,
      "base_rate": 0.7179214179454226,
      "auc": 0.9184375694878305
    },
    "Senate": {
      "n": 76972,
      "log_loss": 0.47114842741134094,
      "accuracy": 0.7625760016629424,
      "brier": 0.15642561016057782,
      "base_rate": 0.6341916541079873,
      "auc": 0.8398881364169871
    }
  }
}