{
  "flat": {
    "model": "nominate_context_logit",
    "split": "congressout118",
    "eval_set": "test",
    "log_loss": 0.6500802025035379,
    "accuracy": 0.6200975046837623,
    "auc": 0.6088866998753859,
    "brier": 0.22913316560477884,
    "apre": -0.08471642698491304,
    "contested_log_loss": 0.7230034598078285,
    "contested_accuracy": 0.5454492837505426,
    "contested_n": 380105,
    "n": 582331,
    "fit_seconds": 37.9,
    "git_rev": "67d3d61",
    "run_utc": "20260703T230649Z"
  },
  "lopsided": {
    "n": 202226,
    "log_loss": 0.5130132837213474,
    "accuracy": 0.76040667372148,
    "brier": 0.16831082120445665,
    "base_rate": 0.708128529467032,
    "auc": 0.7262664023094739
  },
  "by_chamber": {
    "House": {
      "n": 516591,
      "log_loss": 0.621888926584831,
      "accuracy": 0.6439310789386574,
      "brier": 0.21817759468701467,
      "base_rate": 0.5682812902276656,
      "auc": 0.6367226461825626
    },
    "Senate": {
      "n": 65740,
      "log_loss": 0.8716098559583716,
      "accuracy": 0.43281107392759355,
      "brier": 0.3152230551085623,
      "base_rate": 0.5944021904472163,
      "auc": 0.3697927598382215
    }
  }
}