{
  "flat": {
    "model": "nominate_logit",
    "split": "regimeA_seed42",
    "eval_set": "test",
    "log_loss": 0.16389589218999365,
    "accuracy": 0.9332590686107772,
    "auc": 0.981963419476572,
    "brier": 0.048573432034293214,
    "apre": 0.7574828507275136,
    "contested_log_loss": 0.15516924082630687,
    "contested_accuracy": 0.9385749428892006,
    "contested_n": 569507,
    "n": 1058376,
    "fit_seconds": 17.1,
    "git_rev": "none",
    "run_utc": "20260611T234841Z"
  },
  "lopsided": {
    "n": 488869,
    "log_loss": 0.17406198788879873,
    "accuracy": 0.9270663511083747,
    "brier": 0.05267780261595297,
    "base_rate": 0.7850855750722586,
    "auc": 0.9710747686881374
  },
  "by_chamber": {
    "House": {
      "n": 933927,
      "log_loss": 0.15862933624913916,
      "accuracy": 0.9354692604454096,
      "brier": 0.047025544322199596,
      "base_rate": 0.636120381999878,
      "auc": 0.983125952556387
    },
    "Senate": {
      "n": 124449,
      "log_loss": 0.20341873922110243,
      "accuracy": 0.9166726932317656,
      "brier": 0.060189548895758116,
      "base_rate": 0.6418050767784393,
      "auc": 0.9721427683130975
    }
  }
}