{
  "flat": {
    "model": "emb2_mlp_mq_16d_tcal",
    "split": "congressout118",
    "eval_set": "test",
    "log_loss": 0.6703179855473524,
    "accuracy": 0.6159778545191652,
    "auc": 0.6479069927012684,
    "brier": 0.23605874111811484,
    "apre": -0.09647905624390173,
    "contested_log_loss": 0.7365554443144411,
    "contested_accuracy": 0.5639836361005511,
    "contested_n": 380105,
    "n": 582331,
    "fit_seconds": 71.8,
    "git_rev": "none",
    "run_utc": "20260703T221242Z"
  },
  "lopsided": {
    "n": 202226,
    "log_loss": 0.545817727100545,
    "accuracy": 0.7137064472421943,
    "brier": 0.188438208749421,
    "base_rate": 0.708128529467032,
    "auc": 0.6797290699833145
  },
  "by_chamber": {
    "House": {
      "n": 516591,
      "log_loss": 0.6667143314135219,
      "accuracy": 0.6190216244572593,
      "brier": 0.23428093972360742,
      "base_rate": 0.5682812902276656,
      "auc": 0.6618206159284034
    },
    "Senate": {
      "n": 65740,
      "log_loss": 0.698635833016925,
      "accuracy": 0.5920596288408884,
      "brier": 0.2500288688970929,
      "base_rate": 0.5944021904472163,
      "auc": 0.5176656763204215
    }
  }
}