{
  "flat": {
    "model": "blend_mlp_tfidf_tcal",
    "split": "randomrc108_119",
    "eval_set": "val",
    "log_loss": 0.41970990829663474,
    "accuracy": 0.7889279024550058,
    "auc": 0.874488583820245,
    "brier": 0.1388963186204057,
    "apre": 0.29139807570917575,
    "contested_log_loss": 0.48601944307651446,
    "contested_accuracy": 0.7487518771568656,
    "contested_n": 402204,
    "n": 702035,
    "fit_seconds": 152.9,
    "git_rev": "none",
    "run_utc": "20260703T201202Z"
  },
  "lopsided": {
    "n": 299831,
    "log_loss": 0.3307599327217049,
    "accuracy": 0.8428214560869289,
    "brier": 0.10675474978248303,
    "base_rate": 0.812207543582885,
    "auc": 0.8786011290258056
  },
  "by_chamber": {
    "House": {
      "n": 623346,
      "log_loss": 0.4155810045088523,
      "accuracy": 0.7918331071347213,
      "brier": 0.13729571706585336,
      "base_rate": 0.6392886133864659,
      "auc": 0.8776303765458017
    },
    "Senate": {
      "n": 78689,
      "log_loss": 0.4524176013731641,
      "accuracy": 0.7659139142701012,
      "brier": 0.15157570934368256,
      "base_rate": 0.6394667615549823,
      "auc": 0.8486036261720369
    }
  }
}