{
  "flat": {
    "model": "emb4_mlp_mq_16d_tcal",
    "split": "forecast108_119",
    "eval_set": "val",
    "log_loss": 0.48053350606317974,
    "accuracy": 0.739470523492668,
    "auc": 0.8305096135459438,
    "brier": 0.16174896752121912,
    "apre": 0.16755921541297192,
    "contested_log_loss": 0.535238276504741,
    "contested_accuracy": 0.7044374009508716,
    "contested_n": 416460,
    "n": 696877,
    "fit_seconds": 71.7,
    "git_rev": "none",
    "run_utc": "20260703T202802Z"
  },
  "lopsided": {
    "n": 280417,
    "log_loss": 0.3992889713235147,
    "accuracy": 0.791499802080473,
    "brier": 0.13238992477528774,
    "base_rate": 0.7676567397839646,
    "auc": 0.8435409422775354
  },
  "by_chamber": {
    "House": {
      "n": 619361,
      "log_loss": 0.47973705294405344,
      "accuracy": 0.7386096315396029,
      "brier": 0.16144517700954944,
      "base_rate": 0.6059616281942195,
      "auc": 0.83198017042066
    },
    "Senate": {
      "n": 77516,
      "log_loss": 0.48689725032649284,
      "accuracy": 0.7463491408225399,
      "brier": 0.16417628568905918,
      "base_rate": 0.65403271582641,
      "auc": 0.8167376426061677
    }
  }
}