{
  "flat": {
    "model": "emb2_mlp_mq_16d_bcal",
    "split": "randomrc108_119",
    "eval_set": "val",
    "log_loss": 0.44646783366160486,
    "accuracy": 0.7639262999707992,
    "auc": 0.8653809013351771,
    "brier": 0.14904361843297076,
    "apre": 0.20746379999617437,
    "contested_log_loss": 0.5214891874988999,
    "contested_accuracy": 0.7162285805213275,
    "contested_n": 402204,
    "n": 702035,
    "fit_seconds": 106.0,
    "git_rev": "none",
    "run_utc": "20260703T200654Z"
  },
  "lopsided": {
    "n": 299831,
    "log_loss": 0.34583151320516303,
    "accuracy": 0.8279097224769953,
    "brier": 0.1118237061134734,
    "base_rate": 0.812207543582885,
    "auc": 0.8698979925759697
  },
  "by_chamber": {
    "House": {
      "n": 623346,
      "log_loss": 0.442122121095231,
      "accuracy": 0.766391378143118,
      "brier": 0.14749627378542848,
      "base_rate": 0.6392886133864659,
      "auc": 0.8696885561375972
    },
    "Senate": {
      "n": 78689,
      "log_loss": 0.4808930080239524,
      "accuracy": 0.7443988359236996,
      "brier": 0.16130112706399796,
      "base_rate": 0.6394667615549823,
      "auc": 0.8324176918689148
    }
  }
}