{
  "flat": {
    "model": "emb2_mlp_mq_16d_tcal",
    "split": "congressout118",
    "eval_set": "val",
    "log_loss": 0.6047457942465112,
    "accuracy": 0.6489635913460317,
    "auc": 0.652268886770015,
    "brier": 0.2110193328728606,
    "apre": -0.14376675389836552,
    "contested_log_loss": 0.7672501343075465,
    "contested_accuracy": 0.49026379295997335,
    "contested_n": 288408,
    "n": 511719,
    "fit_seconds": 71.8,
    "git_rev": "none",
    "run_utc": "20260703T221242Z"
  },
  "lopsided": {
    "n": 223311,
    "log_loss": 0.3948700975350951,
    "accuracy": 0.8539256910765703,
    "brier": 0.12318028787246323,
    "base_rate": 0.8798267886490142,
    "auc": 0.6945763103238323
  },
  "by_chamber": {
    "House": {
      "n": 420436,
      "log_loss": 0.586504586828006,
      "accuracy": 0.6605285941260977,
      "brier": 0.20339377812200635,
      "base_rate": 0.6903714239503753,
      "auc": 0.677478679641943
    },
    "Senate": {
      "n": 91283,
      "log_loss": 0.6887620982922447,
      "accuracy": 0.5956968986558285,
      "brier": 0.2461415104659517,
      "base_rate": 0.6057754455922789,
      "auc": 0.5092998517875493
    }
  }
}