{
  "flat": {
    "model": "party_question_rate",
    "split": "forecast108_119",
    "eval_set": "test",
    "log_loss": 0.4662006596161917,
    "accuracy": 0.7658159631305387,
    "auc": 0.8046911203593898,
    "brier": 0.15649896122781465,
    "apre": 0.11136371142646395,
    "contested_log_loss": NaN,
    "contested_accuracy": NaN,
    "contested_n": 0,
    "n": 689351,
    "fit_seconds": 24.1,
    "git_rev": "none",
    "run_utc": "20260612T000331Z"
  },
  "lopsided": {
    "n": 689351,
    "log_loss": 0.4662006596161917,
    "accuracy": 0.7658159631305387,
    "brier": 0.15649896122781465,
    "base_rate": 0.7085722657978302,
    "auc": 0.8046911203593898
  },
  "by_chamber": {
    "House": {
      "n": 612379,
      "log_loss": 0.4634194142283164,
      "accuracy": 0.7669482461024953,
      "brier": 0.15553927466102296,
      "base_rate": 0.7179214179454226,
      "auc": 0.7994963261641538
    },
    "Senate": {
      "n": 76972,
      "log_loss": 0.48832787820713064,
      "accuracy": 0.7568076703216754,
      "brier": 0.1641340999806773,
      "base_rate": 0.6341916541079873,
      "auc": 0.8207512131343868
    }
  }
}