{
  "flat": {
    "model": "member_pooled_question_rate",
    "split": "forecast108_119",
    "eval_set": "val",
    "log_loss": 0.592465881002459,
    "accuracy": 0.6443777022343972,
    "auc": 0.707348324672448,
    "brier": 0.20558529330122993,
    "apre": -0.136280272533035,
    "contested_log_loss": 0.6983097866134611,
    "contested_accuracy": 0.5526028910339529,
    "contested_n": 416460,
    "n": 696877,
    "fit_seconds": 51.4,
    "git_rev": "none",
    "run_utc": "20260703T191611Z"
  },
  "lopsided": {
    "n": 280417,
    "log_loss": 0.4352722981213998,
    "accuracy": 0.7806766351540741,
    "brier": 0.13972298180480644,
    "base_rate": 0.7676567397839646,
    "auc": 0.8209963907673649
  },
  "by_chamber": {
    "House": {
      "n": 619361,
      "log_loss": 0.5919631467169923,
      "accuracy": 0.64217475753236,
      "brier": 0.2054576600258246,
      "base_rate": 0.6059616281942195,
      "auc": 0.7084197988838884
    },
    "Senate": {
      "n": 77516,
      "log_loss": 0.5964827808654634,
      "accuracy": 0.6619794623045565,
      "brier": 0.20660509660749457,
      "base_rate": 0.65403271582641,
      "auc": 0.6720435674946941
    }
  }
}