{
  "flat": {
    "model": "emb2tfidf_mq_16d_tcal",
    "split": "randomrc108_119",
    "eval_set": "val",
    "log_loss": 0.43801493383949697,
    "accuracy": 0.7787574693569409,
    "auc": 0.8625223320863219,
    "brier": 0.14565335564538429,
    "apre": 0.25725434686967996,
    "contested_log_loss": 0.508908017811181,
    "contested_accuracy": 0.7352264025221033,
    "contested_n": 402204,
    "n": 702035,
    "fit_seconds": 70.3,
    "git_rev": "none",
    "run_utc": "20260703T180920Z"
  },
  "lopsided": {
    "n": 299831,
    "log_loss": 0.3429164218585907,
    "accuracy": 0.8371515953987413,
    "brier": 0.11033893106684221,
    "base_rate": 0.812207543582885,
    "auc": 0.8693569345964578
  },
  "by_chamber": {
    "House": {
      "n": 623346,
      "log_loss": 0.4354770382270434,
      "accuracy": 0.7804959043613018,
      "brier": 0.1446549944214685,
      "base_rate": 0.6392886133864659,
      "auc": 0.8645905224316108
    },
    "Senate": {
      "n": 78689,
      "log_loss": 0.45811923149788175,
      "accuracy": 0.7649862115416386,
      "brier": 0.1535620147398313,
      "base_rate": 0.6394667615549823,
      "auc": 0.8458000007887639
    }
  }
}