{
  "flat": {
    "model": "emb2ctx_mlp_mq_16d_tcal",
    "split": "randomrc108_119",
    "eval_set": "val",
    "log_loss": 0.41043387396542347,
    "accuracy": 0.7971639590618701,
    "auc": 0.8815491162350915,
    "brier": 0.1350614709396631,
    "apre": 0.3190478012203753,
    "contested_log_loss": 0.47168362603405806,
    "contested_accuracy": 0.7595324760569263,
    "contested_n": 402204,
    "n": 702035,
    "fit_seconds": 76.5,
    "git_rev": "none",
    "run_utc": "20260703T195601Z"
  },
  "lopsided": {
    "n": 299831,
    "log_loss": 0.3282712714292842,
    "accuracy": 0.847644172884058,
    "brier": 0.10528904593369937,
    "base_rate": 0.812207543582885,
    "auc": 0.8831732575586714
  },
  "by_chamber": {
    "House": {
      "n": 623346,
      "log_loss": 0.4055299368483883,
      "accuracy": 0.8005634110108992,
      "brier": 0.1331704799217828,
      "base_rate": 0.6392886133864659,
      "auc": 0.8852591108137885
    },
    "Senate": {
      "n": 78689,
      "log_loss": 0.4492811027541398,
      "accuracy": 0.7702347214985577,
      "brier": 0.15004122270968967,
      "base_rate": 0.6394667615549823,
      "auc": 0.850990577892391
    }
  }
}