{
  "flat": {
    "model": "blend_mlp_tfidf_tcal",
    "split": "randomrc108_119",
    "eval_set": "test",
    "log_loss": 0.41201294200301136,
    "accuracy": 0.796055565720559,
    "auc": 0.8832093045753848,
    "brier": 0.13521379998052654,
    "apre": 0.32605409592910656,
    "contested_log_loss": 0.4539403638650067,
    "contested_accuracy": 0.7720970068074089,
    "contested_n": 406322,
    "n": 699568,
    "fit_seconds": 154.3,
    "git_rev": "none",
    "run_utc": "20260703T221731Z"
  },
  "lopsided": {
    "n": 293246,
    "log_loss": 0.3539182573157198,
    "accuracy": 0.8292525729251209,
    "brier": 0.11407850247795547,
    "base_rate": 0.7945752030718236,
    "auc": 0.8708097309995232
  },
  "by_chamber": {
    "House": {
      "n": 621620,
      "log_loss": 0.40792004110995783,
      "accuracy": 0.7981950387696664,
      "brier": 0.13363831409536386,
      "base_rate": 0.6304961230333644,
      "auc": 0.8859140901390096
    },
    "Senate": {
      "n": 77948,
      "log_loss": 0.4446530232512811,
      "accuracy": 0.7789936880997588,
      "brier": 0.14777799067092096,
      "base_rate": 0.6270334068866423,
      "auc": 0.8604554233742501
    }
  }
}