{
  "flat": {
    "model": "majority_question_rate",
    "split": "randomrc108_119",
    "eval_set": "test",
    "log_loss": 0.5331681490952428,
    "accuracy": 0.676591839535256,
    "auc": 0.7540229955974993,
    "brier": 0.18376900997114,
    "apre": -0.06872053585768406,
    "contested_log_loss": 0.5920380556404472,
    "contested_accuracy": 0.6142788231993345,
    "contested_n": 406322,
    "n": 699568,
    "fit_seconds": 25.5,
    "git_rev": "none",
    "run_utc": "20260703T191802Z"
  },
  "lopsided": {
    "n": 293246,
    "log_loss": 0.4515979378485065,
    "accuracy": 0.7629328277282554,
    "brier": 0.1473505248270465,
    "base_rate": 0.7945752030718236,
    "auc": 0.793083156752377
  },
  "by_chamber": {
    "House": {
      "n": 621620,
      "log_loss": 0.5233321888854341,
      "accuracy": 0.67933946784209,
      "brier": 0.1801658111877635,
      "base_rate": 0.6304961230333644,
      "auc": 0.7621474290266937
    },
    "Senate": {
      "n": 77948,
      "log_loss": 0.6116080011199427,
      "accuracy": 0.6546800431056602,
      "brier": 0.21250381301576646,
      "base_rate": 0.6270334068866423,
      "auc": 0.6753854588688106
    }
  }
}