{
  "flat": {
    "model": "party_question_rate",
    "split": "randomrc108_119",
    "eval_set": "test",
    "log_loss": 0.504203778032024,
    "accuracy": 0.7181617798412735,
    "auc": 0.7971237860205457,
    "brier": 0.1724867446524994,
    "apre": 0.06864968020482007,
    "contested_log_loss": 0.5509220178994595,
    "contested_accuracy": 0.6640620000885997,
    "contested_n": 406322,
    "n": 699568,
    "fit_seconds": 24.6,
    "git_rev": "none",
    "run_utc": "20260703T180920Z"
  },
  "lopsided": {
    "n": 293246,
    "log_loss": 0.4394709303225371,
    "accuracy": 0.7931224978345826,
    "brier": 0.14430103016778678,
    "base_rate": 0.7945752030718236,
    "auc": 0.7998657108716395
  },
  "by_chamber": {
    "House": {
      "n": 621620,
      "log_loss": 0.5088728292510835,
      "accuracy": 0.71342138283839,
      "brier": 0.1743886668074713,
      "base_rate": 0.6304961230333644,
      "auc": 0.7908134230240278
    },
    "Senate": {
      "n": 77948,
      "log_loss": 0.46696901102335286,
      "accuracy": 0.755965515471853,
      "brier": 0.15731928878482435,
      "base_rate": 0.6270334068866423,
      "auc": 0.8385066936262683
    }
  }
}