{
  "flat": {
    "model": "member_pooled_question_rate",
    "split": "randomrc108_119",
    "eval_set": "val",
    "log_loss": 0.5752125318582403,
    "accuracy": 0.668233065303012,
    "auc": 0.7202072287249475,
    "brier": 0.19826097788974498,
    "apre": -0.11379330132558006,
    "contested_log_loss": 0.6979180923852366,
    "contested_accuracy": 0.5696735984724169,
    "contested_n": 402204,
    "n": 702035,
    "fit_seconds": 51.0,
    "git_rev": "none",
    "run_utc": "20260703T191802Z"
  },
  "lopsided": {
    "n": 299831,
    "log_loss": 0.41061091539363176,
    "accuracy": 0.8004442502609803,
    "brier": 0.12960930613754873,
    "base_rate": 0.812207543582885,
    "auc": 0.815858129416484
  },
  "by_chamber": {
    "House": {
      "n": 623346,
      "log_loss": 0.5703016079493346,
      "accuracy": 0.670401350132992,
      "brier": 0.19622627224716493,
      "base_rate": 0.6392886133864659,
      "auc": 0.726288267144526
    },
    "Senate": {
      "n": 78689,
      "log_loss": 0.6141151075031303,
      "accuracy": 0.6510566915324887,
      "brier": 0.21437918530729674,
      "base_rate": 0.6394667615549823,
      "auc": 0.6505928293105075
    }
  }
}