{
  "flat": {
    "model": "gb_spatial_emb2_tcal",
    "split": "forecast108_119",
    "eval_set": "test",
    "log_loss": 0.5561337997300032,
    "accuracy": 0.7127254475586458,
    "auc": 0.6994400404436479,
    "brier": 0.18821934870737372,
    "apre": -0.09009390860149946,
    "contested_log_loss": 0.7293623960287637,
    "contested_accuracy": 0.558383335220197,
    "contested_n": 353320,
    "n": 689351,
    "fit_seconds": 15.1,
    "git_rev": "none",
    "run_utc": "20260703T190808Z"
  },
  "lopsided": {
    "n": 336031,
    "log_loss": 0.37399248644557975,
    "accuracy": 0.8750085557582485,
    "brier": 0.1106235980074875,
    "base_rate": 0.8991194264814854,
    "auc": 0.733525130268391
  },
  "by_chamber": {
    "House": {
      "n": 612379,
      "log_loss": 0.543367924210371,
      "accuracy": 0.7225917283251059,
      "brier": 0.18272978728836073,
      "base_rate": 0.7179214179454226,
      "auc": 0.7120103060946812
    },
    "Senate": {
      "n": 76972,
      "log_loss": 0.6576974083777836,
      "accuracy": 0.6342306293197526,
      "brier": 0.2318935696216514,
      "base_rate": 0.6341916541079873,
      "auc": 0.583391494737383
    }
  }
}