{
  "flat": {
    "model": "meta_tower_8d",
    "split": "forecast108_119",
    "eval_set": "val",
    "log_loss": 0.5614224587569496,
    "accuracy": 0.680818853255309,
    "auc": 0.7503491590344435,
    "brier": 0.1935141906024514,
    "apre": -0.01984392623634813,
    "contested_log_loss": 0.6592785272009787,
    "contested_accuracy": 0.5959611967535898,
    "contested_n": 416460,
    "n": 696877,
    "fit_seconds": 18.1,
    "git_rev": "none",
    "run_utc": "20260612T004450Z"
  },
  "lopsided": {
    "n": 280417,
    "log_loss": 0.4160919749981177,
    "accuracy": 0.8068448061280165,
    "brier": 0.13358575925016664,
    "base_rate": 0.7676567397839646,
    "auc": 0.8422895364218568
  },
  "by_chamber": {
    "House": {
      "n": 619361,
      "log_loss": 0.5569106625089715,
      "accuracy": 0.6836255431000661,
      "brier": 0.19179648679888503,
      "base_rate": 0.6059616281942195,
      "auc": 0.7568940167007443
    },
    "Senate": {
      "n": 77516,
      "log_loss": 0.5974721857287218,
      "accuracy": 0.6583931059394189,
      "brier": 0.2072388248132031,
      "base_rate": 0.65403271582641,
      "auc": 0.6697162996470237
    }
  }
}