{
  "flat": {
    "model": "majority_question_rate",
    "split": "randomrc108_119",
    "eval_set": "val",
    "log_loss": 0.5296181025816,
    "accuracy": 0.6866666191856531,
    "auc": 0.7585807678686249,
    "brier": 0.18176303644538666,
    "apre": -0.05190898831270682,
    "contested_log_loss": 0.602647744270425,
    "contested_accuracy": 0.6199217312607532,
    "contested_n": 402204,
    "n": 702035,
    "fit_seconds": 25.5,
    "git_rev": "none",
    "run_utc": "20260703T191802Z"
  },
  "lopsided": {
    "n": 299831,
    "log_loss": 0.4316535358563046,
    "accuracy": 0.7762005930007237,
    "brier": 0.13908662475513642,
    "base_rate": 0.812207543582885,
    "auc": 0.7946931147742771
  },
  "by_chamber": {
    "House": {
      "n": 623346,
      "log_loss": 0.5212508932623207,
      "accuracy": 0.6907127020948237,
      "brier": 0.178742675511002,
      "base_rate": 0.6392886133864659,
      "auc": 0.7648106286427281
    },
    "Senate": {
      "n": 78689,
      "log_loss": 0.5959001300611163,
      "accuracy": 0.654615003367688,
      "brier": 0.20568925112602748,
      "base_rate": 0.6394667615549823,
      "auc": 0.6934067918446263
    }
  }
}