{
  "flat": {
    "model": "emb3_mlp_mq_16d_tcal",
    "split": "forecast108_119",
    "eval_set": "test",
    "log_loss": 0.3596616145377108,
    "accuracy": 0.8423618737043973,
    "auc": 0.9017459469082987,
    "brier": 0.11019317201444984,
    "apre": 0.4018253277993681,
    "contested_log_loss": 0.40442703157344007,
    "contested_accuracy": 0.8242641231744594,
    "contested_n": 353320,
    "n": 689351,
    "fit_seconds": 79.2,
    "git_rev": "none",
    "run_utc": "20260612T063653Z"
  },
  "lopsided": {
    "n": 336031,
    "log_loss": 0.31259298947911845,
    "accuracy": 0.861390764542557,
    "brier": 0.0947146888943397,
    "base_rate": 0.8991194264814854,
    "auc": 0.8256778367434714
  },
  "by_chamber": {
    "House": {
      "n": 612379,
      "log_loss": 0.343804845293395,
      "accuracy": 0.8532379457819422,
      "brier": 0.10374158553397039,
      "base_rate": 0.7179214179454226,
      "auc": 0.9091361079349545
    },
    "Senate": {
      "n": 76972,
      "log_loss": 0.4858159627820708,
      "accuracy": 0.7558332900275425,
      "brier": 0.16152113643436233,
      "base_rate": 0.6341916541079873,
      "auc": 0.8294496278787045
    }
  }
}