{
  "flat": {
    "model": "kraft_bilinear_16d",
    "split": "randomrc108_119",
    "eval_set": "val",
    "log_loss": 0.5265679384252976,
    "accuracy": 0.7232744806170632,
    "auc": 0.7864601923065149,
    "brier": 0.17799377823433443,
    "apre": 0.07098930737007211,
    "contested_log_loss": 0.6357753354014821,
    "contested_accuracy": 0.653011904406719,
    "contested_n": 402204,
    "n": 702035,
    "fit_seconds": 14.3,
    "git_rev": "none",
    "run_utc": "20260703T190547Z"
  },
  "lopsided": {
    "n": 299831,
    "log_loss": 0.3800732401005434,
    "accuracy": 0.8175272069932729,
    "brier": 0.12251090019819566,
    "base_rate": 0.812207543582885,
    "auc": 0.8441866608871691
  },
  "by_chamber": {
    "House": {
      "n": 623346,
      "log_loss": 0.5171184671216702,
      "accuracy": 0.7299236700002888,
      "brier": 0.17422437799721868,
      "base_rate": 0.6392886133864659,
      "auc": 0.7963953522886733
    },
    "Senate": {
      "n": 78689,
      "log_loss": 0.6014232566938098,
      "accuracy": 0.6706019901129764,
      "brier": 0.20785361328377155,
      "base_rate": 0.6394667615549823,
      "auc": 0.6921857603827727
    }
  }
}