{
  "flat": {
    "model": "emb2_mlp_mq_16d_tcal",
    "split": "randomrc108_119",
    "eval_set": "val",
    "log_loss": 0.42749643418161554,
    "accuracy": 0.7801662310283676,
    "auc": 0.8698221325661769,
    "brier": 0.14168310655107258,
    "apre": 0.26198377933778383,
    "contested_log_loss": 0.49763458010649325,
    "contested_accuracy": 0.7358156557368898,
    "contested_n": 402204,
    "n": 702035,
    "fit_seconds": 71.5,
    "git_rev": "none",
    "run_utc": "20260703T224038Z"
  },
  "lopsided": {
    "n": 299831,
    "log_loss": 0.333410623029435,
    "accuracy": 0.839659674950222,
    "brier": 0.10787189732772968,
    "base_rate": 0.812207543582885,
    "auc": 0.8749093082243454
  },
  "by_chamber": {
    "House": {
      "n": 623346,
      "log_loss": 0.4226290257073324,
      "accuracy": 0.7832616235605907,
      "brier": 0.13975553828133375,
      "base_rate": 0.6392886133864659,
      "auc": 0.873698400632361
    },
    "Senate": {
      "n": 78689,
      "log_loss": 0.4660542961802501,
      "accuracy": 0.7556456429742404,
      "brier": 0.15695261017506842,
      "base_rate": 0.6394667615549823,
      "auc": 0.8375467565924818
    }
  }
}