{
  "flat": {
    "model": "blend3_mlp_tfidf_emb3_tcal",
    "split": "randomrc108_119",
    "eval_set": "test",
    "log_loss": 0.39046810914898405,
    "accuracy": 0.8103858381172381,
    "auc": 0.8957937584106654,
    "brier": 0.12700899011356015,
    "apre": 0.37340929059320355,
    "contested_log_loss": 0.4209252334186131,
    "contested_accuracy": 0.795187068384188,
    "contested_n": 406322,
    "n": 699568,
    "fit_seconds": 235.7,
    "git_rev": "none",
    "run_utc": "20260703T222906Z"
  },
  "lopsided": {
    "n": 293246,
    "log_loss": 0.34826668219862805,
    "accuracy": 0.8314452712057453,
    "brier": 0.11221499837665531,
    "base_rate": 0.7945752030718236,
    "auc": 0.8761251113813517
  },
  "by_chamber": {
    "House": {
      "n": 621620,
      "log_loss": 0.384069253277368,
      "accuracy": 0.8141211672726103,
      "brier": 0.1246287955552729,
      "base_rate": 0.6304961230333644,
      "auc": 0.8994739410095886
    },
    "Senate": {
      "n": 77948,
      "log_loss": 0.44149772872760246,
      "accuracy": 0.7805973212911171,
      "brier": 0.145990574520119,
      "base_rate": 0.6270334068866423,
      "auc": 0.8635701451260551
    }
  }
}