{
  "flat": {
    "model": "nominate_context_logit",
    "split": "randomrc108_119",
    "eval_set": "val",
    "log_loss": 0.5667529965624353,
    "accuracy": 0.6751159130242794,
    "auc": 0.7372511805175661,
    "brier": 0.19446521945864212,
    "apre": -0.09068650892327704,
    "contested_log_loss": 0.6810012121130776,
    "contested_accuracy": 0.5769211643842428,
    "contested_n": 402204,
    "n": 702035,
    "fit_seconds": 38.7,
    "git_rev": "none",
    "run_utc": "20260703T190617Z"
  },
  "lopsided": {
    "n": 299831,
    "log_loss": 0.4134963643685305,
    "accuracy": 0.8068378519899544,
    "brier": 0.1290831748811999,
    "base_rate": 0.812207543582885,
    "auc": 0.8161131496357004
  },
  "by_chamber": {
    "House": {
      "n": 623346,
      "log_loss": 0.5534771269033724,
      "accuracy": 0.6811481905715285,
      "brier": 0.18948082439078728,
      "base_rate": 0.6392886133864659,
      "auc": 0.7528511184450914
    },
    "Senate": {
      "n": 78689,
      "log_loss": 0.6719196685051234,
      "accuracy": 0.6273303765456417,
      "brier": 0.2339498072405061,
      "base_rate": 0.6394667615549823,
      "auc": 0.5930014841581419
    }
  }
}