{
  "flat": {
    "model": "emb2_mlp_mq_16d_tcal",
    "split": "forecast108_119",
    "eval_set": "test",
    "log_loss": 0.34918360291031486,
    "accuracy": 0.8522276750160659,
    "auc": 0.905587799141854,
    "brier": 0.10758460170606457,
    "apre": 0.43926216242995386,
    "contested_log_loss": 0.37726350144474774,
    "contested_accuracy": 0.840702479338843,
    "contested_n": 353320,
    "n": 689351,
    "fit_seconds": 70.9,
    "git_rev": "none",
    "run_utc": "20260612T025750Z"
  },
  "lopsided": {
    "n": 336031,
    "log_loss": 0.3196589764616069,
    "accuracy": 0.8643458490436894,
    "brier": 0.09707571237902243,
    "base_rate": 0.8991194264814854,
    "auc": 0.8219063817462631
  },
  "by_chamber": {
    "House": {
      "n": 612379,
      "log_loss": 0.3317822998730615,
      "accuracy": 0.8644515896201536,
      "brier": 0.10076516228195023,
      "base_rate": 0.7179214179454226,
      "auc": 0.9130104725095494
    },
    "Senate": {
      "n": 76972,
      "log_loss": 0.487626056694161,
      "accuracy": 0.7549758353687055,
      "brier": 0.16183915524630915,
      "base_rate": 0.6341916541079873,
      "auc": 0.8281791314180892
    }
  }
}