{
  "flat": {
    "model": "blend_mlp_tfidf_tcal",
    "split": "congressout118",
    "eval_set": "test",
    "log_loss": 0.6541468763607101,
    "accuracy": 0.6181707654237882,
    "auc": 0.6876875219425067,
    "brier": 0.2296275628531829,
    "apre": -0.09021774838073851,
    "contested_log_loss": 0.7282527068966798,
    "contested_accuracy": 0.5669012509701267,
    "contested_n": 380105,
    "n": 582331,
    "fit_seconds": 154.2,
    "git_rev": "none",
    "run_utc": "20260703T222052Z"
  },
  "lopsided": {
    "n": 202226,
    "log_loss": 0.5148571870236573,
    "accuracy": 0.7145372009533888,
    "brier": 0.17563539949995,
    "base_rate": 0.708128529467032,
    "auc": 0.7659343773329474
  },
  "by_chamber": {
    "House": {
      "n": 516591,
      "log_loss": 0.6500034791956668,
      "accuracy": 0.6202508367354445,
      "brier": 0.22763237322032895,
      "base_rate": 0.5682812902276656,
      "auc": 0.7026858068472842
    },
    "Senate": {
      "n": 65740,
      "log_loss": 0.6867060744879806,
      "accuracy": 0.6018253726802556,
      "brier": 0.24530594751435827,
      "base_rate": 0.5944021904472163,
      "auc": 0.5364563730147198
    }
  }
}