{
  "flat": {
    "model": "notext_mq_16d_tcal",
    "split": "forecast108_119",
    "eval_set": "val",
    "log_loss": 0.5019729578675272,
    "accuracy": 0.7089328532868785,
    "auc": 0.8010459507391785,
    "brier": 0.1721035247499677,
    "apre": 0.06998560306645514,
    "contested_log_loss": 0.5554308521591442,
    "contested_accuracy": 0.6630528742256159,
    "contested_n": 416460,
    "n": 696877,
    "fit_seconds": 63.0,
    "git_rev": "6c8db43",
    "run_utc": "20260705T202114Z"
  },
  "lopsided": {
    "n": 280417,
    "log_loss": 0.42258021542792135,
    "accuracy": 0.77707129025701,
    "brier": 0.13904631170846404,
    "base_rate": 0.7676567397839646,
    "auc": 0.8223530363707062
  },
  "by_chamber": {
    "House": {
      "n": 619361,
      "log_loss": 0.504421038863509,
      "accuracy": 0.7039028934660078,
      "brier": 0.17336907855864922,
      "base_rate": 0.6059616281942195,
      "auc": 0.7978610919703208
    },
    "Senate": {
      "n": 77516,
      "log_loss": 0.48241253300359677,
      "accuracy": 0.7491227617524124,
      "brier": 0.16199161659553798,
      "base_rate": 0.65403271582641,
      "auc": 0.8204229806550418
    }
  }
}