{
  "flat": {
    "model": "ideal_point_8d",
    "split": "regimeA_seed42",
    "eval_set": "val",
    "log_loss": 0.15320419674148725,
    "accuracy": 0.9376983134803633,
    "auc": 0.9846415224007657,
    "brier": 0.04546526563287177,
    "apre": 0.7736009490437561,
    "contested_log_loss": 0.14559698598974044,
    "contested_accuracy": 0.9431790337372846,
    "contested_n": 571356,
    "n": 1059875,
    "fit_seconds": 15.1,
    "git_rev": "none",
    "run_utc": "20260611T234841Z"
  },
  "lopsided": {
    "n": 488519,
    "log_loss": 0.16210134405054788,
    "accuracy": 0.9312882405802027,
    "brier": 0.049289616780077636,
    "base_rate": 0.785424927177858,
    "auc": 0.9756414169014106
  },
  "by_chamber": {
    "House": {
      "n": 936436,
      "log_loss": 0.14565119195286255,
      "accuracy": 0.9403867429274397,
      "brier": 0.04343012552053843,
      "base_rate": 0.6367632171338992,
      "auc": 0.9860355705292557
    },
    "Senate": {
      "n": 123439,
      "log_loss": 0.21050298879457027,
      "accuracy": 0.9173032834031384,
      "brier": 0.06090429597363118,
      "base_rate": 0.6379669310347621,
      "auc": 0.9727832265814499
    }
  }
}