{
  "flat": {
    "model": "majority_question_rate",
    "split": "forecast108_119",
    "eval_set": "val",
    "log_loss": 0.5724452215548984,
    "accuracy": 0.6333642809276242,
    "auc": 0.7128446131016329,
    "brier": 0.19737848525278864,
    "apre": -0.1714702295256348,
    "contested_log_loss": 0.6530020763946724,
    "contested_accuracy": 0.5617946501464727,
    "contested_n": 416460,
    "n": 696877,
    "fit_seconds": 25.1,
    "git_rev": "none",
    "run_utc": "20260703T191611Z"
  },
  "lopsided": {
    "n": 280417,
    "log_loss": 0.45280658421632003,
    "accuracy": 0.7396555843618611,
    "brier": 0.1484827366411748,
    "base_rate": 0.7676567397839646,
    "auc": 0.7965942001629988
  },
  "by_chamber": {
    "House": {
      "n": 619361,
      "log_loss": 0.5641506113927596,
      "accuracy": 0.6364462728521815,
      "brier": 0.19409353616476147,
      "base_rate": 0.6059616281942195,
      "auc": 0.7197783657137535
    },
    "Senate": {
      "n": 77516,
      "log_loss": 0.6387200299123055,
      "accuracy": 0.6087388410134682,
      "brier": 0.22362557426808313,
      "base_rate": 0.65403271582641,
      "auc": 0.6114091675761593
    }
  }
}