{
  "flat": {
    "model": "meta_tower_8d",
    "split": "randomrc108_119",
    "eval_set": "val",
    "log_loss": 0.5511218569051477,
    "accuracy": 0.6869871160269787,
    "auc": 0.75142705562753,
    "brier": 0.18957248246677258,
    "apre": -0.05083303047112608,
    "contested_log_loss": 0.6665108340629746,
    "contested_accuracy": 0.5921572137522252,
    "contested_n": 402204,
    "n": 702035,
    "fit_seconds": 16.8,
    "git_rev": "none",
    "run_utc": "20260703T224529Z"
  },
  "lopsided": {
    "n": 299831,
    "log_loss": 0.3963349663942043,
    "accuracy": 0.8141953300359203,
    "brier": 0.12600513515126108,
    "base_rate": 0.812207543582885,
    "auc": 0.834712720345668
  },
  "by_chamber": {
    "House": {
      "n": 623346,
      "log_loss": 0.5433839722329137,
      "accuracy": 0.6915068036050604,
      "brier": 0.18655113755128822,
      "base_rate": 0.6392886133864659,
      "auc": 0.7606834425739298
    },
    "Senate": {
      "n": 78689,
      "log_loss": 0.6124186005274893,
      "accuracy": 0.6511837740980315,
      "brier": 0.2135064918923273,
      "base_rate": 0.6394667615549823,
      "auc": 0.6586931580254318
    }
  }
}