{
  "flat": {
    "model": "constant_rate",
    "split": "randomrc108_119",
    "eval_set": "val",
    "log_loss": 0.6538472290401243,
    "accuracy": 0.6393085814809802,
    "auc": 0.5,
    "brier": 0.23060804000568585,
    "apre": -0.21089730101952983,
    "contested_log_loss": 0.7254657193060944,
    "contested_accuracy": 0.5104175990293482,
    "contested_n": 402204,
    "n": 702035,
    "fit_seconds": 0.0,
    "git_rev": "none",
    "run_utc": "20260703T180920Z"
  },
  "lopsided": {
    "n": 299831,
    "log_loss": 0.5577756311768801,
    "accuracy": 0.812207543582885,
    "brier": 0.1837711545338418,
    "base_rate": 0.812207543582885,
    "auc": 0.5
  },
  "by_chamber": {
    "House": {
      "n": 623346,
      "log_loss": 0.6538583243452837,
      "accuracy": 0.6392886133864659,
      "brier": 0.23061344919579596,
      "base_rate": 0.6392886133864659,
      "auc": 0.5
    },
    "Senate": {
      "n": 78689,
      "log_loss": 0.6537593360170849,
      "accuracy": 0.6394667615549823,
      "brier": 0.23056519034412687,
      "base_rate": 0.6394667615549823,
      "auc": 0.5
    }
  }
}