{
  "flat": {
    "model": "gb_spatial_tfidf",
    "split": "forecast108_119",
    "eval_set": "test",
    "log_loss": 0.8027615514707909,
    "accuracy": 0.724107167466211,
    "auc": 0.6893763930803296,
    "brier": 0.22025896460329542,
    "apre": -0.04690475928352031,
    "contested_log_loss": 1.2204892071388904,
    "contested_accuracy": 0.5763925053775614,
    "contested_n": 353320,
    "n": 689351,
    "fit_seconds": 19.7,
    "git_rev": "59a41a7",
    "run_utc": "20260703T232326Z"
  },
  "lopsided": {
    "n": 336031,
    "log_loss": 0.36354155301632346,
    "accuracy": 0.8794218390565156,
    "brier": 0.097839138756477,
    "base_rate": 0.8991194264814854,
    "auc": 0.7174080995604547
  },
  "by_chamber": {
    "House": {
      "n": 612379,
      "log_loss": 0.7746926112787278,
      "accuracy": 0.7388741286033649,
      "brier": 0.20893733942604753,
      "base_rate": 0.7179214179454226,
      "auc": 0.705219723752309
    },
    "Senate": {
      "n": 76972,
      "log_loss": 1.0260743083937647,
      "accuracy": 0.6066231876526529,
      "brier": 0.310332309513366,
      "base_rate": 0.6341916541079873,
      "auc": 0.5205286848910506
    }
  }
}