{
  "flat": {
    "model": "party_rollcall_rate",
    "split": "regimeA_seed42",
    "eval_set": "val",
    "log_loss": 0.20647506732229753,
    "accuracy": 0.9163052246727208,
    "auc": 0.9725485528876131,
    "brier": 0.061158558099588214,
    "apre": 0.6958602766215688,
    "contested_log_loss": 0.19919307941607345,
    "contested_accuracy": 0.9274550367896723,
    "contested_n": 571356,
    "n": 1059875,
    "fit_seconds": 0.8,
    "git_rev": "none",
    "run_utc": "20260611T233950Z"
  },
  "lopsided": {
    "n": 488519,
    "log_loss": 0.21499184452471676,
    "accuracy": 0.9032647655464783,
    "brier": 0.06638558598831255,
    "base_rate": 0.785424927177858,
    "auc": 0.9564266169744396
  },
  "by_chamber": {
    "House": {
      "n": 936436,
      "log_loss": 0.2000435546982877,
      "accuracy": 0.9184172757134497,
      "brier": 0.05945214463849427,
      "base_rate": 0.6367632171338992,
      "auc": 0.9741271846830448
    },
    "Senate": {
      "n": 123439,
      "log_loss": 0.255265967731223,
      "accuracy": 0.9002827307414999,
      "brier": 0.07410379417451535,
      "base_rate": 0.6379669310347621,
      "auc": 0.9610682637359359
    }
  }
}