{
  "flat": {
    "model": "gb_spatial_tfidf",
    "split": "randomrc108_119",
    "eval_set": "test",
    "log_loss": 1.053810150687939,
    "accuracy": 0.6633179333531551,
    "auc": 0.6871656932229515,
    "brier": 0.24875706633699446,
    "apre": -0.11258490869068201,
    "contested_log_loss": 1.3215668597061856,
    "contested_accuracy": 0.5653373432893124,
    "contested_n": 406322,
    "n": 699568,
    "fit_seconds": 22.5,
    "git_rev": "none",
    "run_utc": "20260703T190438Z"
  },
  "lopsided": {
    "n": 293246,
    "log_loss": 0.6828061420340723,
    "accuracy": 0.7990799533497474,
    "brier": 0.15028778140484272,
    "base_rate": 0.7945752030718236,
    "auc": 0.7909241163306284
  },
  "by_chamber": {
    "House": {
      "n": 621620,
      "log_loss": 0.967740194418327,
      "accuracy": 0.672507319584312,
      "brier": 0.2387341158405704,
      "base_rate": 0.6304961230333644,
      "auc": 0.7058525935903915
    },
    "Senate": {
      "n": 77948,
      "log_loss": 1.7402011577223242,
      "accuracy": 0.5900343818956227,
      "brier": 0.32868812919411894,
      "base_rate": 0.6270334068866423,
      "auc": 0.5517868327638782
    }
  }
}