{
  "flat": {
    "model": "blend_mlp_tfidf_tcal",
    "split": "congressout118",
    "eval_set": "val",
    "log_loss": 0.5985573578954945,
    "accuracy": 0.6515743992308278,
    "auc": 0.6666345401325456,
    "brier": 0.20831780738501646,
    "apre": -0.13526007144085117,
    "contested_log_loss": 0.7630706536300658,
    "contested_accuracy": 0.494424565199301,
    "contested_n": 288408,
    "n": 511719,
    "fit_seconds": 154.2,
    "git_rev": "none",
    "run_utc": "20260703T222052Z"
  },
  "lopsided": {
    "n": 223311,
    "log_loss": 0.38608707834716804,
    "accuracy": 0.8545347072020635,
    "brier": 0.1188570678090936,
    "base_rate": 0.8798267886490142,
    "auc": 0.7141931254981054
  },
  "by_chamber": {
    "House": {
      "n": 420436,
      "log_loss": 0.579273838324994,
      "accuracy": 0.6630426509623344,
      "brier": 0.20019781053348082,
      "base_rate": 0.6903714239503753,
      "auc": 0.6927519225411696
    },
    "Senate": {
      "n": 91283,
      "log_loss": 0.6873743975868158,
      "accuracy": 0.5987533275637303,
      "brier": 0.245717312180786,
      "base_rate": 0.6057754455922789,
      "auc": 0.5090924314150654
    }
  }
}