{
  "flat": {
    "model": "emb2_mlp_mq_16d_tcal",
    "split": "forecast108_119",
    "eval_set": "val",
    "log_loss": 0.4269802170156227,
    "accuracy": 0.7789595581429721,
    "auc": 0.8732481181873846,
    "brier": 0.14050171247234436,
    "apre": 0.29373412440050983,
    "contested_log_loss": 0.4422609468548394,
    "contested_accuracy": 0.7710248283148442,
    "contested_n": 416460,
    "n": 696877,
    "fit_seconds": 71.5,
    "git_rev": "none",
    "run_utc": "20260703T204109Z"
  },
  "lopsided": {
    "n": 280417,
    "log_loss": 0.4042861123470745,
    "accuracy": 0.7907437851485466,
    "brier": 0.13288287968108473,
    "base_rate": 0.7676567397839646,
    "auc": 0.8455944322321512
  },
  "by_chamber": {
    "House": {
      "n": 619361,
      "log_loss": 0.41954036892840874,
      "accuracy": 0.7806416613251399,
      "brier": 0.1379500138853307,
      "base_rate": 0.6059616281942195,
      "auc": 0.878432696684796
    },
    "Senate": {
      "n": 77516,
      "log_loss": 0.4864253864147768,
      "accuracy": 0.7655193766448217,
      "brier": 0.1608900527962947,
      "base_rate": 0.65403271582641,
      "auc": 0.8226764840858751
    }
  }
}