{
  "flat": {
    "model": "constant_rate",
    "split": "regimeA_seed42",
    "eval_set": "val",
    "log_loss": 0.6551809614867465,
    "accuracy": 0.6369034084208044,
    "auc": 0.5,
    "brier": 0.23125832667340748,
    "apre": -0.3194622542532109,
    "contested_log_loss": 0.7270544239694195,
    "contested_accuracy": 0.5099150092061692,
    "contested_n": 571356,
    "n": 1059875,
    "fit_seconds": 0.0,
    "git_rev": "none",
    "run_utc": "20260611T233950Z"
  },
  "lopsided": {
    "n": 488519,
    "log_loss": 0.5711200876409989,
    "accuracy": 0.785424927177858,
    "brier": 0.1903150733186105,
    "base_rate": 0.785424927177858,
    "auc": 0.5
  },
  "by_chamber": {
    "House": {
      "n": 936436,
      "log_loss": 0.6552603075786892,
      "accuracy": 0.6367632171338992,
      "brier": 0.23129697351344733,
      "base_rate": 0.6367632171338992,
      "auc": 0.5
    },
    "Senate": {
      "n": 123439,
      "log_loss": 0.6545790241982495,
      "accuracy": 0.6379669310347621,
      "brier": 0.23096514305802132,
      "base_rate": 0.6379669310347621,
      "auc": 0.5
    }
  }
}