{
  "flat": {
    "model": "emb2_tower_mq_16d",
    "split": "randomrc108_119",
    "eval_set": "val",
    "log_loss": 0.449140853952551,
    "accuracy": 0.7798955892512481,
    "auc": 0.8595271488512627,
    "brier": 0.1471329528390688,
    "apre": 0.2610751927160045,
    "contested_log_loss": 0.5178532109951824,
    "contested_accuracy": 0.7408230649123331,
    "contested_n": 402204,
    "n": 702035,
    "fit_seconds": 79.5,
    "git_rev": "none",
    "run_utc": "20260703T180920Z"
  },
  "lopsided": {
    "n": 299831,
    "log_loss": 0.35696764687264765,
    "accuracy": 0.8323088673285951,
    "brier": 0.11385122847448419,
    "base_rate": 0.812207543582885,
    "auc": 0.8707840239410989
  },
  "by_chamber": {
    "House": {
      "n": 623346,
      "log_loss": 0.44843164676343966,
      "accuracy": 0.7803675647232837,
      "brier": 0.14666706012453243,
      "base_rate": 0.6392886133864659,
      "auc": 0.860397596180714
    },
    "Senate": {
      "n": 78689,
      "log_loss": 0.4547589386213585,
      "accuracy": 0.7761567690528537,
      "brier": 0.15082358761693362,
      "base_rate": 0.6394667615549823,
      "auc": 0.852749504337862
    }
  }
}