{
  "flat": {
    "model": "text_tower_8d",
    "split": "forecast108_119",
    "eval_set": "test",
    "log_loss": 0.46420111283156484,
    "accuracy": 0.7784698941468134,
    "auc": 0.8131919306244387,
    "brier": 0.15266935662593176,
    "apre": 0.15938040139596843,
    "contested_log_loss": 0.5907535445302842,
    "contested_accuracy": 0.6941073248047096,
    "contested_n": 353320,
    "n": 689351,
    "fit_seconds": 25.1,
    "git_rev": "none",
    "run_utc": "20260612T004450Z"
  },
  "lopsided": {
    "n": 336031,
    "log_loss": 0.3311374812981898,
    "accuracy": 0.8671729691605834,
    "brier": 0.10102044660720304,
    "base_rate": 0.8991194264814854,
    "auc": 0.7720107022160235
  },
  "by_chamber": {
    "House": {
      "n": 612379,
      "log_loss": 0.4428627288356004,
      "accuracy": 0.7946337153952046,
      "brier": 0.144072413395383,
      "base_rate": 0.7179214179454226,
      "auc": 0.8294744364920312
    },
    "Senate": {
      "n": 76972,
      "log_loss": 0.6339664593610143,
      "accuracy": 0.6498726809748999,
      "brier": 0.22106549416400106,
      "base_rate": 0.6341916541079873,
      "auc": 0.6497650454566419
    }
  }
}