{
  "flat": {
    "model": "party_rollcall_rate",
    "split": "regimeA_seed42",
    "eval_set": "test",
    "log_loss": 0.20633825387290747,
    "accuracy": 0.9165466715042669,
    "auc": 0.9725650206983315,
    "brier": 0.061055439294564785,
    "apre": 0.696754856385572,
    "contested_log_loss": 0.19876797622018805,
    "contested_accuracy": 0.9277936882250789,
    "contested_n": 569507,
    "n": 1058376,
    "fit_seconds": 0.8,
    "git_rev": "none",
    "run_utc": "20260611T233950Z"
  },
  "lopsided": {
    "n": 488869,
    "log_loss": 0.21515723424426936,
    "accuracy": 0.9034444810368422,
    "brier": 0.06644313044742747,
    "base_rate": 0.7850855750722586,
    "auc": 0.9563512581697482
  },
  "by_chamber": {
    "House": {
      "n": 933927,
      "log_loss": 0.19975691188060432,
      "accuracy": 0.9189551217600519,
      "brier": 0.059275036328403516,
      "base_rate": 0.636120381999878,
      "auc": 0.9741958618826445
    },
    "Senate": {
      "n": 124449,
      "log_loss": 0.2557279073281045,
      "accuracy": 0.8984724666329179,
      "brier": 0.07441646590770055,
      "base_rate": 0.6418050767784393,
      "auc": 0.9605434564473357
    }
  }
}