{
  "flat": {
    "model": "nominate_context_logit",
    "split": "forecast108_119",
    "eval_set": "val",
    "log_loss": 0.5853058247495525,
    "accuracy": 0.6597290483112515,
    "auc": 0.7263331624481609,
    "brier": 0.20191678541868668,
    "apre": -0.08722982824549981,
    "contested_log_loss": 0.6863551645807326,
    "contested_accuracy": 0.5801469528886327,
    "contested_n": 416460,
    "n": 696877,
    "fit_seconds": 39.2,
    "git_rev": "none",
    "run_utc": "20260703T185733Z"
  },
  "lopsided": {
    "n": 280417,
    "log_loss": 0.4352328688799247,
    "accuracy": 0.7779200262466256,
    "brier": 0.13809910792793,
    "base_rate": 0.7676567397839646,
    "auc": 0.8173550328248633
  },
  "by_chamber": {
    "House": {
      "n": 619361,
      "log_loss": 0.5743989766510376,
      "accuracy": 0.6623019531420287,
      "brier": 0.19820429633707506,
      "base_rate": 0.6059616281942195,
      "auc": 0.7383516387110246
    },
    "Senate": {
      "n": 77516,
      "log_loss": 0.6724526892052037,
      "accuracy": 0.639171267867279,
      "brier": 0.2315799639892531,
      "base_rate": 0.65403271582641,
      "auc": 0.5973612762141497
    }
  }
}