{
  "flat": {
    "model": "member_rate",
    "split": "randomrc108_119",
    "eval_set": "val",
    "log_loss": 0.6179218152098118,
    "accuracy": 0.6572948642161716,
    "auc": 0.6581937025513074,
    "brier": 0.21451562144981065,
    "apre": -0.15051454695001817,
    "contested_log_loss": 0.677278345570733,
    "contested_accuracy": 0.5722817276804806,
    "contested_n": 402204,
    "n": 702035,
    "fit_seconds": 0.4,
    "git_rev": "none",
    "run_utc": "20260703T180920Z"
  },
  "lopsided": {
    "n": 299831,
    "log_loss": 0.5382988478138994,
    "accuracy": 0.7713345184453909,
    "brier": 0.1779555864126659,
    "base_rate": 0.812207543582885,
    "auc": 0.6216581020191511
  },
  "by_chamber": {
    "House": {
      "n": 623346,
      "log_loss": 0.6205636697652468,
      "accuracy": 0.6537075717177939,
      "brier": 0.215715345749685,
      "base_rate": 0.6392886133864659,
      "auc": 0.6524619154569256
    },
    "Senate": {
      "n": 78689,
      "log_loss": 0.5969939921378176,
      "accuracy": 0.6857121071560193,
      "brier": 0.20501183637909584,
      "base_rate": 0.6394667615549823,
      "auc": 0.6990026517669576
    }
  }
}