{
  "flat": {
    "model": "member_rate",
    "split": "forecast108_119",
    "eval_set": "val",
    "log_loss": 0.6232697974050199,
    "accuracy": 0.6499697938086635,
    "auc": 0.6786835855751553,
    "brier": 0.21691262481973092,
    "apre": -0.11841248590109214,
    "contested_log_loss": 0.6713068332055657,
    "contested_accuracy": 0.5821735580848101,
    "contested_n": 416460,
    "n": 696877,
    "fit_seconds": 0.4,
    "git_rev": "none",
    "run_utc": "20260612T000552Z"
  },
  "lopsided": {
    "n": 280417,
    "log_loss": 0.5519278176766322,
    "accuracy": 0.7506570571684313,
    "brier": 0.1840066305959778,
    "base_rate": 0.7676567397839646,
    "auc": 0.6400149634005426
  },
  "by_chamber": {
    "House": {
      "n": 619361,
      "log_loss": 0.6271161099182304,
      "accuracy": 0.6434793278879362,
      "brier": 0.21871986633993115,
      "base_rate": 0.6059616281942195,
      "auc": 0.6777323618905186
    },
    "Senate": {
      "n": 77516,
      "log_loss": 0.5925373555285756,
      "accuracy": 0.7018292997574694,
      "brier": 0.2024725748275651,
      "base_rate": 0.65403271582641,
      "auc": 0.692858031141731
    }
  }
}