{
  "flat": {
    "model": "blend3_mlp_tfidf_emb3_tcal",
    "split": "forecast108_119",
    "eval_set": "val",
    "log_loss": 0.4039442259981847,
    "accuracy": 0.7967388793144271,
    "auc": 0.888061431120667,
    "brier": 0.13237167543152673,
    "apre": 0.35054240676380777,
    "contested_log_loss": 0.4220575880229895,
    "contested_accuracy": 0.7929140853863517,
    "contested_n": 416460,
    "n": 696877,
    "fit_seconds": 237.7,
    "git_rev": "none",
    "run_utc": "20260703T222405Z"
  },
  "lopsided": {
    "n": 280417,
    "log_loss": 0.37704325084742596,
    "accuracy": 0.8024192541821644,
    "brier": 0.12366276956881019,
    "base_rate": 0.7676567397839646,
    "auc": 0.8654436072088001
  },
  "by_chamber": {
    "House": {
      "n": 619361,
      "log_loss": 0.3953866176204009,
      "accuracy": 0.801569682301598,
      "brier": 0.12925488877466876,
      "base_rate": 0.6059616281942195,
      "auc": 0.8937535115130059
    },
    "Senate": {
      "n": 77516,
      "log_loss": 0.47232041778404166,
      "accuracy": 0.7581402549151143,
      "brier": 0.15727512891955722,
      "base_rate": 0.65403271582641,
      "auc": 0.8308876228649015
    }
  }
}