{
  "flat": {
    "model": "member_question_rate",
    "split": "forecast108_119",
    "eval_set": "test",
    "log_loss": 0.45862769469417575,
    "accuracy": 0.7595724094111708,
    "auc": 0.8117654040453273,
    "brier": 0.15465267400451482,
    "apre": 0.08767188136470226,
    "contested_log_loss": 0.5271542300972818,
    "contested_accuracy": 0.6924148081059662,
    "contested_n": 353320,
    "n": 689351,
    "fit_seconds": 24.2,
    "git_rev": "none",
    "run_utc": "20260612T000552Z"
  },
  "lopsided": {
    "n": 336031,
    "log_loss": 0.3865754272288962,
    "accuracy": 0.8301853102838727,
    "brier": 0.12484529426093698,
    "base_rate": 0.8991194264814854,
    "auc": 0.7365235696799655
  },
  "by_chamber": {
    "House": {
      "n": 612379,
      "log_loss": 0.45630833100363744,
      "accuracy": 0.7600979132204077,
      "brier": 0.15398669628111597,
      "base_rate": 0.7179214179454226,
      "auc": 0.8076672126549415
    },
    "Senate": {
      "n": 76972,
      "log_loss": 0.4770802438997072,
      "accuracy": 0.7553915709608688,
      "brier": 0.15995110424248773,
      "base_rate": 0.6341916541079873,
      "auc": 0.8313572467275545
    }
  }
}