{
  "flat": {
    "model": "emb2maj_mlp_mq_16d_tcal",
    "split": "forecast108_119",
    "eval_set": "val",
    "log_loss": 0.43318672863643337,
    "accuracy": 0.7778847630213079,
    "auc": 0.869069428105578,
    "brier": 0.14269486258451258,
    "apre": 0.29029995139888676,
    "contested_log_loss": 0.4452459046892801,
    "contested_accuracy": 0.7786654180473515,
    "contested_n": 416460,
    "n": 696877,
    "fit_seconds": 124.4,
    "git_rev": "none",
    "run_utc": "20260703T192421Z"
  },
  "lopsided": {
    "n": 280417,
    "log_loss": 0.4152770995520038,
    "accuracy": 0.7767253768494777,
    "brier": 0.13705901528139663,
    "base_rate": 0.7676567397839646,
    "auc": 0.8376493321536476
  },
  "by_chamber": {
    "House": {
      "n": 619361,
      "log_loss": 0.42401136668675055,
      "accuracy": 0.7830925744436604,
      "brier": 0.13935588104977473,
      "base_rate": 0.6059616281942195,
      "auc": 0.8758645123807883
    },
    "Senate": {
      "n": 77516,
      "log_loss": 0.506498836491813,
      "accuracy": 0.736273801537747,
      "brier": 0.16937367653694516,
      "base_rate": 0.65403271582641,
      "auc": 0.8014218015129128
    }
  }
}