{
  "flat": {
    "model": "embtfidf_tower_mq_8d",
    "split": "forecast108_119",
    "eval_set": "test",
    "log_loss": 0.4331249242454377,
    "accuracy": 0.7929443781179689,
    "auc": 0.8548839454151177,
    "brier": 0.13983758066351226,
    "apre": 0.21430537359770127,
    "contested_log_loss": 0.49099229468388234,
    "contested_accuracy": 0.7593428053888825,
    "contested_n": 353320,
    "n": 689351,
    "fit_seconds": 78.2,
    "git_rev": "none",
    "run_utc": "20260612T005404Z"
  },
  "lopsided": {
    "n": 336031,
    "log_loss": 0.372280242286597,
    "accuracy": 0.8282747722680348,
    "brier": 0.1176250150018489,
    "base_rate": 0.8991194264814854,
    "auc": 0.7824109337878972
  },
  "by_chamber": {
    "House": {
      "n": 612379,
      "log_loss": 0.4244648046796695,
      "accuracy": 0.7985561229238756,
      "brier": 0.136544470839925,
      "base_rate": 0.7179214179454226,
      "auc": 0.8576943540531844
    },
    "Senate": {
      "n": 76972,
      "log_loss": 0.5020236843083903,
      "accuracy": 0.7482980824195812,
      "brier": 0.16603712466209056,
      "base_rate": 0.6341916541079873,
      "auc": 0.8271675786859222
    }
  }
}