{
  "flat": {
    "model": "emb2_mlp_mq_16d_tcal",
    "split": "forecast108_119",
    "eval_set": "val",
    "log_loss": 0.42717462954856655,
    "accuracy": 0.7817649312575964,
    "auc": 0.8739444246396795,
    "brier": 0.14027434843379943,
    "apre": 0.3026978202859213,
    "contested_log_loss": 0.4434402393923586,
    "contested_accuracy": 0.7735172645632233,
    "contested_n": 416460,
    "n": 696877,
    "fit_seconds": 70.0,
    "git_rev": "none",
    "run_utc": "20260612T032203Z"
  },
  "lopsided": {
    "n": 280417,
    "log_loss": 0.4030178349335983,
    "accuracy": 0.7940139149908886,
    "brier": 0.13214730578339218,
    "base_rate": 0.7676567397839646,
    "auc": 0.8472847338548783
  },
  "by_chamber": {
    "House": {
      "n": 619361,
      "log_loss": 0.4197114148405864,
      "accuracy": 0.7836705895269479,
      "brier": 0.13767775960898193,
      "base_rate": 0.6059616281942195,
      "auc": 0.8792643508103378
    },
    "Senate": {
      "n": 77516,
      "log_loss": 0.4868065007074142,
      "accuracy": 0.766538521079519,
      "brier": 0.161021366483335,
      "base_rate": 0.65403271582641,
      "auc": 0.8223939990586951
    }
  }
}