{
  "flat": {
    "model": "gb_spatial_tfidf_tcal",
    "split": "congressout118",
    "eval_set": "val",
    "log_loss": 0.6859348287537107,
    "accuracy": 0.6259216484046909,
    "auc": 0.5651619121984336,
    "brier": 0.23934272118863548,
    "apre": -0.21884332040776044,
    "contested_log_loss": 0.9063158767413121,
    "contested_accuracy": 0.4365447560400544,
    "contested_n": 288408,
    "n": 511719,
    "fit_seconds": 19.6,
    "git_rev": "67d3d61",
    "run_utc": "20260703T230745Z"
  },
  "lopsided": {
    "n": 223311,
    "log_loss": 0.4013108859653663,
    "accuracy": 0.8705034682572735,
    "brier": 0.11842851529674435,
    "base_rate": 0.8798267886490142,
    "auc": 0.6809101927281422
  },
  "by_chamber": {
    "House": {
      "n": 420436,
      "log_loss": 0.6522106470595275,
      "accuracy": 0.643132367351987,
      "brier": 0.22516102438402968,
      "base_rate": 0.6903714239503753,
      "auc": 0.6199574108304291
    },
    "Senate": {
      "n": 91283,
      "log_loss": 0.8412634228487306,
      "accuracy": 0.5466516218792108,
      "brier": 0.3046615196258166,
      "base_rate": 0.6057754455922789,
      "auc": 0.3329557901918646
    }
  }
}