{
  "flat": {
    "model": "member_pooled_question_rate",
    "split": "congressout118",
    "eval_set": "test",
    "log_loss": 0.7398606597906379,
    "accuracy": 0.5330954388483525,
    "auc": 0.58199507150477,
    "brier": 0.25256396699983,
    "apre": -0.33312903589587695,
    "contested_log_loss": 0.8373096066192619,
    "contested_accuracy": 0.4604517172886439,
    "contested_n": 380105,
    "n": 582331,
    "fit_seconds": 50.9,
    "git_rev": "none",
    "run_utc": "20260703T191426Z"
  },
  "lopsided": {
    "n": 202226,
    "log_loss": 0.5566951324385953,
    "accuracy": 0.6696369408483578,
    "brier": 0.18587501145749202,
    "base_rate": 0.708128529467032,
    "auc": 0.7171591933263803
  },
  "by_chamber": {
    "House": {
      "n": 516591,
      "log_loss": 0.7171477624924775,
      "accuracy": 0.5299221240788167,
      "brier": 0.24623316765201023,
      "base_rate": 0.5682812902276656,
      "auc": 0.5948802648026739
    },
    "Senate": {
      "n": 65740,
      "log_loss": 0.9183407073743609,
      "accuracy": 0.5580316397931244,
      "brier": 0.30231197378245217,
      "base_rate": 0.5944021904472163,
      "auc": 0.43222866005891203
    }
  }
}