{
  "flat": {
    "model": "emb2tfidf_mq_16d_tcal",
    "split": "forecast108_119",
    "eval_set": "val",
    "log_loss": 0.47707315164148933,
    "accuracy": 0.7488825144178959,
    "auc": 0.8338103111336707,
    "brier": 0.16102999050386463,
    "apre": 0.19763230048326014,
    "contested_log_loss": 0.5272545450933054,
    "contested_accuracy": 0.7175431013782836,
    "contested_n": 416460,
    "n": 696877,
    "fit_seconds": 71.3,
    "git_rev": "none",
    "run_utc": "20260612T025750Z"
  },
  "lopsided": {
    "n": 280417,
    "log_loss": 0.4025464891461942,
    "accuracy": 0.7954260975618453,
    "brier": 0.1329292193262049,
    "base_rate": 0.7676567397839646,
    "auc": 0.843981254220335
  },
  "by_chamber": {
    "House": {
      "n": 619361,
      "log_loss": 0.4759169005162097,
      "accuracy": 0.74838099266825,
      "brier": 0.16082518218437522,
      "base_rate": 0.6059616281942195,
      "auc": 0.8349782534233068
    },
    "Senate": {
      "n": 77516,
      "log_loss": 0.4863117198493993,
      "accuracy": 0.7528897259920533,
      "brier": 0.16266643053646773,
      "base_rate": 0.65403271582641,
      "auc": 0.8205601576913574
    }
  }
}