{
  "flat": {
    "model": "gb_spatial_tfidf",
    "split": "randomrc108_119",
    "eval_set": "val",
    "log_loss": 1.1235636907918432,
    "accuracy": 0.6758879543042726,
    "auc": 0.6880133404092175,
    "brier": 0.244290278041822,
    "apre": -0.0880946460337803,
    "contested_log_loss": 1.4852414052688807,
    "contested_accuracy": 0.5682166263885988,
    "contested_n": 402204,
    "n": 702035,
    "fit_seconds": 22.5,
    "git_rev": "none",
    "run_utc": "20260703T190438Z"
  },
  "lopsided": {
    "n": 299831,
    "log_loss": 0.6383963015841811,
    "accuracy": 0.8203221147913324,
    "brier": 0.13687724714679483,
    "base_rate": 0.812207543582885,
    "auc": 0.8039591989557202
  },
  "by_chamber": {
    "House": {
      "n": 623346,
      "log_loss": 1.0368564366340298,
      "accuracy": 0.6869314955097169,
      "brier": 0.23306737454012963,
      "base_rate": 0.6392886133864659,
      "auc": 0.7092259326726208
    },
    "Senate": {
      "n": 78689,
      "log_loss": 1.8104274207954811,
      "accuracy": 0.5884049867198718,
      "brier": 0.3331940893263216,
      "base_rate": 0.6394667615549823,
      "auc": 0.5336308941830922
    }
  }
}