{
  "flat": {
    "model": "kraft_bilinear_16d",
    "split": "forecast108_119",
    "eval_set": "test",
    "log_loss": 0.4966280607998466,
    "accuracy": 0.7596971644343737,
    "auc": 0.7900262043669322,
    "brier": 0.1633886929506595,
    "apre": 0.08814527759734898,
    "contested_log_loss": 0.6399458859173589,
    "contested_accuracy": 0.6723819766783652,
    "contested_n": 353320,
    "n": 689351,
    "fit_seconds": 15.7,
    "git_rev": "none",
    "run_utc": "20260703T185701Z"
  },
  "lopsided": {
    "n": 336031,
    "log_loss": 0.3459364461258453,
    "accuracy": 0.8515047718811657,
    "brier": 0.10727428308255736,
    "base_rate": 0.8991194264814854,
    "auc": 0.7665834514507807
  },
  "by_chamber": {
    "House": {
      "n": 612379,
      "log_loss": 0.47501240580217036,
      "accuracy": 0.7730196495960835,
      "brier": 0.15498663749382263,
      "base_rate": 0.7179214179454226,
      "auc": 0.805473139907833
    },
    "Senate": {
      "n": 76972,
      "log_loss": 0.6685993385608782,
      "accuracy": 0.6537052434651561,
      "brier": 0.23023432926779136,
      "base_rate": 0.6341916541079873,
      "auc": 0.6459015554677755
    }
  }
}