{
  "flat": {
    "model": "member_pooled_question_rate",
    "split": "forecast108_119",
    "eval_set": "test",
    "log_loss": 0.5409612339990579,
    "accuracy": 0.7173167225404765,
    "auc": 0.722453013813671,
    "brier": 0.1828641122383334,
    "apre": -0.07267182631862869,
    "contested_log_loss": 0.699361411282739,
    "contested_accuracy": 0.5881240801539681,
    "contested_n": 353320,
    "n": 689351,
    "fit_seconds": 51.4,
    "git_rev": "none",
    "run_utc": "20260703T191611Z"
  },
  "lopsided": {
    "n": 336031,
    "log_loss": 0.37441127093651244,
    "accuracy": 0.8531564052126143,
    "brier": 0.11272758445677868,
    "base_rate": 0.8991194264814854,
    "auc": 0.7187329429221633
  },
  "by_chamber": {
    "House": {
      "n": 612379,
      "log_loss": 0.5298617971931672,
      "accuracy": 0.7274335011487983,
      "brier": 0.1782455878450537,
      "base_rate": 0.7179214179454226,
      "auc": 0.7317440172051961
    },
    "Senate": {
      "n": 76972,
      "log_loss": 0.6292668777624332,
      "accuracy": 0.6368289767707738,
      "brier": 0.21960847836409583,
      "base_rate": 0.6341916541079873,
      "auc": 0.6337683945535763
    }
  }
}