{
  "flat": {
    "model": "emb2cosp_mlp_mq_16d_tcal",
    "split": "forecast108_119",
    "eval_set": "val",
    "log_loss": 0.45742699496272027,
    "accuracy": 0.7579572865799847,
    "auc": 0.8500424336227852,
    "brier": 0.15235675742128046,
    "apre": 0.22662790804302574,
    "contested_log_loss": 0.4953392749183245,
    "contested_accuracy": 0.73676943764107,
    "contested_n": 416460,
    "n": 696877,
    "fit_seconds": 72.6,
    "git_rev": "none",
    "run_utc": "20260612T032748Z"
  },
  "lopsided": {
    "n": 280417,
    "log_loss": 0.40112174916695564,
    "accuracy": 0.7894243216352789,
    "brier": 0.13308543889702867,
    "base_rate": 0.7676567397839646,
    "auc": 0.8437561883001559
  },
  "by_chamber": {
    "House": {
      "n": 619361,
      "log_loss": 0.45164546144658135,
      "accuracy": 0.7607598799407777,
      "brier": 0.15018218362491387,
      "base_rate": 0.6059616281942195,
      "auc": 0.8549160779134294
    },
    "Senate": {
      "n": 77516,
      "log_loss": 0.5036220563705505,
      "accuracy": 0.7355642706021983,
      "brier": 0.16973183096856598,
      "base_rate": 0.65403271582641,
      "auc": 0.8056988671128892
    }
  }
}