{
  "flat": {
    "model": "member_pooled_question_rate",
    "split": "randomrc108_119",
    "eval_set": "test",
    "log_loss": 0.5820428433205118,
    "accuracy": 0.6563250463142968,
    "auc": 0.7128639857667501,
    "brier": 0.20122796578631882,
    "apre": -0.13569329894472315,
    "contested_log_loss": 0.6924864175916814,
    "contested_accuracy": 0.5644341187531071,
    "contested_n": 406322,
    "n": 699568,
    "fit_seconds": 51.0,
    "git_rev": "none",
    "run_utc": "20260703T191802Z"
  },
  "lopsided": {
    "n": 293246,
    "log_loss": 0.4290120978542129,
    "accuracy": 0.7836492228367992,
    "brier": 0.13711425873270924,
    "base_rate": 0.7945752030718236,
    "auc": 0.8121815939806348
  },
  "by_chamber": {
    "House": {
      "n": 621620,
      "log_loss": 0.5782825113483707,
      "accuracy": 0.6572729320163444,
      "brier": 0.19968387913957863,
      "base_rate": 0.6304961230333644,
      "auc": 0.7167008264918865
    },
    "Senate": {
      "n": 77948,
      "log_loss": 0.6120307527026922,
      "accuracy": 0.6487658438959306,
      "brier": 0.21354175371348336,
      "base_rate": 0.6270334068866423,
      "auc": 0.668280776216434
    }
  }
}