{
  "flat": {
    "model": "blend3_mlp_tfidf_emb3_tcal",
    "split": "randomrc108_119",
    "eval_set": "val",
    "log_loss": 0.3983962258361798,
    "accuracy": 0.8050837921186266,
    "auc": 0.8889102088864924,
    "brier": 0.13000865862360955,
    "apre": 0.3456359149945485,
    "contested_log_loss": 0.453668958247473,
    "contested_accuracy": 0.7788609760221181,
    "contested_n": 402204,
    "n": 702035,
    "fit_seconds": 235.7,
    "git_rev": "none",
    "run_utc": "20260703T222906Z"
  },
  "lopsided": {
    "n": 299831,
    "log_loss": 0.3242514107011481,
    "accuracy": 0.840260013140736,
    "brier": 0.10481591592551738,
    "base_rate": 0.812207543582885,
    "auc": 0.8844557954695859
  },
  "by_chamber": {
    "House": {
      "n": 623346,
      "log_loss": 0.3923267322343804,
      "accuracy": 0.8088573601178158,
      "brier": 0.12767315546806024,
      "base_rate": 0.6392886133864659,
      "auc": 0.8928979141846191
    },
    "Senate": {
      "n": 78689,
      "log_loss": 0.4464765745343126,
      "accuracy": 0.7751909415547281,
      "brier": 0.14850967591953457,
      "base_rate": 0.6394667615549823,
      "auc": 0.8557055492478957
    }
  }
}