{
  "flat": {
    "model": "blend_mlp_tfidf_tcal",
    "split": "forecast108_119",
    "eval_set": "val",
    "log_loss": 0.4199657654917443,
    "accuracy": 0.7870872478213515,
    "auc": 0.8778770557528277,
    "brier": 0.13815785374407577,
    "apre": 0.31970362490944604,
    "contested_log_loss": 0.4383306861864215,
    "contested_accuracy": 0.7800677135859386,
    "contested_n": 416460,
    "n": 696877,
    "fit_seconds": 152.8,
    "git_rev": "none",
    "run_utc": "20260703T200900Z"
  },
  "lopsided": {
    "n": 280417,
    "log_loss": 0.3926911891554117,
    "accuracy": 0.7975122763598498,
    "brier": 0.1290979376516721,
    "base_rate": 0.7676567397839646,
    "auc": 0.853449502655618
  },
  "by_chamber": {
    "House": {
      "n": 619361,
      "log_loss": 0.4127334319353045,
      "accuracy": 0.7898753715522934,
      "brier": 0.13563132561836685,
      "base_rate": 0.6059616281942195,
      "auc": 0.8828840312872824
    },
    "Senate": {
      "n": 77516,
      "log_loss": 0.47775287194525223,
      "accuracy": 0.7648098457092729,
      "brier": 0.15834507943254333,
      "base_rate": 0.65403271582641,
      "auc": 0.8283371023942264
    }
  }
}