{
  "flat": {
    "model": "emb2_mlp_mq_16d",
    "split": "forecast108_119",
    "eval_set": "val",
    "log_loss": 0.6424412118689568,
    "accuracy": 0.7686951929824057,
    "auc": 0.8509705723108824,
    "brier": 0.16654699369686465,
    "apre": 0.26093754298447513,
    "contested_log_loss": 0.6755923890081413,
    "contested_accuracy": 0.7543029342553906,
    "contested_n": 416460,
    "n": 696877,
    "fit_seconds": 112.3,
    "git_rev": "none",
    "run_utc": "20260612T024957Z"
  },
  "lopsided": {
    "n": 280417,
    "log_loss": 0.5932068957205605,
    "accuracy": 0.790069788921499,
    "brier": 0.15395345759456394,
    "base_rate": 0.7676567397839646,
    "auc": 0.8342975754499595
  },
  "by_chamber": {
    "House": {
      "n": 619361,
      "log_loss": 0.6121199893882001,
      "accuracy": 0.7742237564199231,
      "brier": 0.16138570738488792,
      "base_rate": 0.6059616281942195,
      "auc": 0.8595927892266296
    },
    "Senate": {
      "n": 77516,
      "log_loss": 0.8847109713625311,
      "accuracy": 0.7245213891325661,
      "brier": 0.2077862146508899,
      "base_rate": 0.65403271582641,
      "auc": 0.7676622889470083
    }
  }
}