{
  "flat": {
    "model": "blend3_mlp_tfidf_emb3_tcal",
    "split": "forecast108_119",
    "eval_set": "test",
    "log_loss": 0.32408713692932317,
    "accuracy": 0.8621297423228514,
    "auc": 0.9186413787728351,
    "brier": 0.09938758127013238,
    "apre": 0.4768366122444486,
    "contested_log_loss": 0.35448230606287817,
    "contested_accuracy": 0.8510415487376882,
    "contested_n": 353320,
    "n": 689351,
    "fit_seconds": 237.7,
    "git_rev": "none",
    "run_utc": "20260703T222405Z"
  },
  "lopsided": {
    "n": 336031,
    "log_loss": 0.29212811779636344,
    "accuracy": 0.8737884302341153,
    "brier": 0.08785723738059431,
    "base_rate": 0.8991194264814854,
    "auc": 0.8371032312249088
  },
  "by_chamber": {
    "House": {
      "n": 612379,
      "log_loss": 0.306450194459321,
      "accuracy": 0.8740175610202179,
      "brier": 0.09254139287804848,
      "base_rate": 0.7179214179454226,
      "auc": 0.9255018394923548
    },
    "Senate": {
      "n": 76972,
      "log_loss": 0.464404306716226,
      "accuracy": 0.7675518370316479,
      "brier": 0.15385494604376396,
      "base_rate": 0.6341916541079873,
      "auc": 0.8460974468050447
    }
  }
}