{
  "flat": {
    "model": "gb_spatial_tfidf",
    "split": "forecast108_119",
    "eval_set": "val",
    "log_loss": 0.8424431925617759,
    "accuracy": 0.6549003626177934,
    "auc": 0.6891096254498874,
    "brier": 0.24955496546770592,
    "apre": -0.10265838919404682,
    "contested_log_loss": 1.0781129285270692,
    "contested_accuracy": 0.5639437160831773,
    "contested_n": 416460,
    "n": 696877,
    "fit_seconds": 19.9,
    "git_rev": "none",
    "run_utc": "20260703T190335Z"
  },
  "lopsided": {
    "n": 280417,
    "log_loss": 0.4924393830919304,
    "accuracy": 0.7899842020990169,
    "brier": 0.14923364996257757,
    "base_rate": 0.7676567397839646,
    "auc": 0.7992724519288603
  },
  "by_chamber": {
    "House": {
      "n": 619361,
      "log_loss": 0.8344194912100311,
      "accuracy": 0.6580879325627542,
      "brier": 0.24579753178535452,
      "base_rate": 0.6059616281942195,
      "auc": 0.6996108370127203
    },
    "Senate": {
      "n": 77516,
      "log_loss": 0.9065534110059479,
      "accuracy": 0.6294313432065638,
      "brier": 0.2795772561294389,
      "base_rate": 0.65403271582641,
      "auc": 0.577998142720816
    }
  }
}