{
  "flat": {
    "model": "ideal_point_2d",
    "split": "regimeA_seed42",
    "eval_set": "test",
    "log_loss": 0.16099692400850535,
    "accuracy": 0.9332137161084529,
    "auc": 0.9828405127677138,
    "brier": 0.048269416472708854,
    "apre": 0.7573180529138314,
    "contested_log_loss": 0.1530924949980486,
    "contested_accuracy": 0.9383326280449582,
    "contested_n": 569507,
    "n": 1058376,
    "fit_seconds": 15.8,
    "git_rev": "none",
    "run_utc": "20260611T234841Z"
  },
  "lopsided": {
    "n": 488869,
    "log_loss": 0.1702051733604955,
    "accuracy": 0.9272504495069231,
    "brier": 0.05211506227901863,
    "base_rate": 0.7850855750722586,
    "auc": 0.9727281755741057
  },
  "by_chamber": {
    "House": {
      "n": 933927,
      "log_loss": 0.15557376949552168,
      "accuracy": 0.9353579027054577,
      "brier": 0.04672130131702993,
      "base_rate": 0.636120381999878,
      "auc": 0.9839651392984908
    },
    "Senate": {
      "n": 124449,
      "log_loss": 0.20169496436919282,
      "accuracy": 0.9171226767591544,
      "brier": 0.05988724018360869,
      "base_rate": 0.6418050767784393,
      "auc": 0.9733793352851563
    }
  }
}