{
  "flat": {
    "model": "constant_rate",
    "split": "randomrc108_119",
    "eval_set": "test",
    "log_loss": 0.6589582714171921,
    "accuracy": 0.6301102966402122,
    "auc": 0.5,
    "brier": 0.23309977858171346,
    "apre": -0.2223214201362318,
    "contested_log_loss": 0.7249117382879133,
    "contested_accuracy": 0.5114145923676297,
    "contested_n": 406322,
    "n": 699568,
    "fit_seconds": 0.0,
    "git_rev": "none",
    "run_utc": "20260703T180920Z"
  },
  "lopsided": {
    "n": 293246,
    "log_loss": 0.5675730707125094,
    "accuracy": 0.7945752030718236,
    "brier": 0.188547608383405,
    "base_rate": 0.7945752030718236,
    "auc": 0.5
  },
  "by_chamber": {
    "House": {
      "n": 621620,
      "log_loss": 0.6587438863356546,
      "accuracy": 0.6304961230333644,
      "brier": 0.23299526143268962,
      "base_rate": 0.6304961230333644,
      "auc": 0.5
    },
    "Senate": {
      "n": 77948,
      "log_loss": 0.6606679503619404,
      "accuracy": 0.6270334068866423,
      "brier": 0.2339332823300616,
      "base_rate": 0.6270334068866423,
      "auc": 0.5
    }
  }
}