{
  "flat": {
    "model": "gb_spatial_emb2",
    "split": "randomrc108_119",
    "eval_set": "test",
    "log_loss": 0.9438207922563325,
    "accuracy": 0.6469321066715459,
    "auc": 0.6700716674473504,
    "brier": 0.24636654816534237,
    "apre": -0.16673279860933973,
    "contested_log_loss": 1.228619081089845,
    "contested_accuracy": 0.5451489212988714,
    "contested_n": 406322,
    "n": 699568,
    "fit_seconds": 17.5,
    "git_rev": "none",
    "run_utc": "20260703T190516Z"
  },
  "lopsided": {
    "n": 293246,
    "log_loss": 0.5492039507123366,
    "accuracy": 0.7879630071680432,
    "brier": 0.14891213586047844,
    "base_rate": 0.7945752030718236,
    "auc": 0.7832586747419906
  },
  "by_chamber": {
    "House": {
      "n": 621620,
      "log_loss": 0.889735247197154,
      "accuracy": 0.6556674495672598,
      "brier": 0.23577627898439804,
      "base_rate": 0.6304961230333644,
      "auc": 0.691407712472796
    },
    "Senate": {
      "n": 77948,
      "log_loss": 1.3751423979381503,
      "accuracy": 0.5772694616924103,
      "brier": 0.3308218661755371,
      "base_rate": 0.6270334068866423,
      "auc": 0.5231223084116408
    }
  }
}