{
  "flat": {
    "model": "text_tower_mq_8d",
    "split": "forecast108_119",
    "eval_set": "test",
    "log_loss": 0.41054338404819507,
    "accuracy": 0.800761876025421,
    "auc": 0.860494041193819,
    "brier": 0.1340559662069831,
    "apre": 0.24396970264111062,
    "contested_log_loss": 0.47784481796005307,
    "contested_accuracy": 0.7499179214309974,
    "contested_n": 353320,
    "n": 689351,
    "fit_seconds": 78.2,
    "git_rev": "none",
    "run_utc": "20260612T005136Z"
  },
  "lopsided": {
    "n": 336031,
    "log_loss": 0.33977925029345857,
    "accuracy": 0.8542217831092964,
    "brier": 0.10618870918441123,
    "base_rate": 0.8991194264814854,
    "auc": 0.7879412534183107
  },
  "by_chamber": {
    "House": {
      "n": 612379,
      "log_loss": 0.40219675218070056,
      "accuracy": 0.8064564591535633,
      "brier": 0.13091014494687783,
      "base_rate": 0.7179214179454226,
      "auc": 0.8630005621457493
    },
    "Senate": {
      "n": 76972,
      "log_loss": 0.47694807765605707,
      "accuracy": 0.7554565296471444,
      "brier": 0.15908370197378166,
      "base_rate": 0.6341916541079873,
      "auc": 0.8375476914897854
    }
  }
}