{
  "flat": {
    "model": "emb2_mlp_mq_16d_rcal",
    "split": "regimeA_seed42",
    "eval_set": "test",
    "log_loss": 0.36954251101464336,
    "accuracy": 0.8067161386879521,
    "auc": 0.890256803726645,
    "brier": 0.12475982521479692,
    "apre": 0.2976626176759388,
    "contested_log_loss": 0.37636118766582544,
    "contested_accuracy": 0.781023985401716,
    "contested_n": 569930,
    "n": 1058376,
    "fit_seconds": 142.7,
    "git_rev": "44b18ab",
    "run_utc": "20260709T033018Z"
  },
  "lopsided": {
    "n": 488446,
    "log_loss": 0.3615863226462091,
    "accuracy": 0.836694332638613,
    "brier": 0.11923537372717427,
    "base_rate": 0.7860213820975093,
    "auc": 0.8530837280032789
  },
  "by_chamber": {
    "House": {
      "n": 933927,
      "log_loss": 0.36591912435949925,
      "accuracy": 0.807315775215836,
      "brier": 0.1238607039928784,
      "base_rate": 0.636120381999878,
      "auc": 0.8920753791419259
    },
    "Senate": {
      "n": 124449,
      "log_loss": 0.39673420101359064,
      "accuracy": 0.8022161688723894,
      "brier": 0.13150727666416814,
      "base_rate": 0.6418050767784393,
      "auc": 0.8747245316298616
    }
  }
}