{
  "flat": {
    "model": "party_congress_rate",
    "split": "forecast108_119",
    "eval_set": "val",
    "log_loss": 0.6258276738386984,
    "accuracy": 0.6440777927812225,
    "auc": 0.6748861145575529,
    "brier": 0.21806268954260571,
    "apre": -0.13723853976579767,
    "contested_log_loss": 0.6722595216540629,
    "contested_accuracy": 0.57695336887096,
    "contested_n": 416460,
    "n": 696877,
    "fit_seconds": 0.3,
    "git_rev": "none",
    "run_utc": "20260612T000552Z"
  },
  "lopsided": {
    "n": 280417,
    "log_loss": 0.5568696315617077,
    "accuracy": 0.7437673179586116,
    "brier": 0.18623833049768335,
    "base_rate": 0.7676567397839646,
    "auc": 0.6224538547509367
  },
  "by_chamber": {
    "House": {
      "n": 619361,
      "log_loss": 0.6291983107291956,
      "accuracy": 0.6384483362691549,
      "brier": 0.21963819673081622,
      "base_rate": 0.6059616281942195,
      "auc": 0.6747986576275513
    },
    "Senate": {
      "n": 77516,
      "log_loss": 0.5988959302614315,
      "accuracy": 0.6890577429175913,
      "brier": 0.2054742212573839,
      "base_rate": 0.65403271582641,
      "auc": 0.6875695520234005
    }
  }
}