{
  "flat": {
    "model": "text_tower_mq_8d",
    "split": "randomrc108_119",
    "eval_set": "test",
    "log_loss": 0.4484440133290367,
    "accuracy": 0.7702310568808178,
    "auc": 0.8536144134321695,
    "brier": 0.14982506653381786,
    "apre": 0.24071554761972244,
    "contested_log_loss": 0.4930427715479653,
    "contested_accuracy": 0.7398491836523742,
    "contested_n": 406322,
    "n": 699568,
    "fit_seconds": 70.2,
    "git_rev": "none",
    "run_utc": "20260703T180920Z"
  },
  "lopsided": {
    "n": 293246,
    "log_loss": 0.38664792186647123,
    "accuracy": 0.8123282159006432,
    "brier": 0.12595285830391775,
    "base_rate": 0.7945752030718236,
    "auc": 0.8501554480443647
  },
  "by_chamber": {
    "House": {
      "n": 621620,
      "log_loss": 0.4486076189190469,
      "accuracy": 0.76953765966346,
      "brier": 0.15000251898001699,
      "base_rate": 0.6304961230333644,
      "auc": 0.8531042927808562
    },
    "Senate": {
      "n": 77948,
      "log_loss": 0.4471392908619799,
      "accuracy": 0.7757607635859805,
      "brier": 0.14840991810658016,
      "base_rate": 0.6270334068866423,
      "auc": 0.857553277521839
    }
  }
}