{
  "flat": {
    "model": "blend3_mlp_tfidf_emb3_tcal",
    "split": "randomrc108_119",
    "eval_set": "val",
    "log_loss": 0.398396640607038,
    "accuracy": 0.8050852165490324,
    "auc": 0.8889101022155254,
    "brier": 0.13000903054553864,
    "apre": 0.3456406970293999,
    "contested_log_loss": 0.4536711339712062,
    "contested_accuracy": 0.7788634623226025,
    "contested_n": 402204,
    "n": 702035,
    "fit_seconds": 237.6,
    "git_rev": "none",
    "run_utc": "20260703T202308Z"
  },
  "lopsided": {
    "n": 299831,
    "log_loss": 0.32424946326699644,
    "accuracy": 0.840260013140736,
    "brier": 0.10481530209409264,
    "base_rate": 0.812207543582885,
    "auc": 0.8844566252586396
  },
  "by_chamber": {
    "House": {
      "n": 623346,
      "log_loss": 0.39232703760226917,
      "accuracy": 0.808858964363291,
      "brier": 0.12767351033021127,
      "base_rate": 0.6392886133864659,
      "auc": 0.8928978755301229
    },
    "Senate": {
      "n": 78689,
      "log_loss": 0.4464778559562044,
      "accuracy": 0.7751909415547281,
      "brier": 0.1485101829828994,
      "base_rate": 0.6394667615549823,
      "auc": 0.8557045440291854
    }
  }
}