{
  "flat": {
    "model": "emb_placebo_mlp_mq_16d_tcal",
    "split": "forecast108_119",
    "eval_set": "val",
    "log_loss": 0.4271744180180112,
    "accuracy": 0.7817649312575964,
    "auc": 0.8739444615094881,
    "brier": 0.140274290453739,
    "apre": 0.3026978202859213,
    "contested_log_loss": 0.4434400865349082,
    "contested_accuracy": 0.7735172645632233,
    "contested_n": 416460,
    "n": 696877,
    "fit_seconds": 71.0,
    "git_rev": "none",
    "run_utc": "20260703T203942Z"
  },
  "lopsided": {
    "n": 280417,
    "log_loss": 0.4030175362649539,
    "accuracy": 0.7940139149908886,
    "brier": 0.1321471846572963,
    "base_rate": 0.7676567397839646,
    "auc": 0.8472850007692839
  },
  "by_chamber": {
    "House": {
      "n": 619361,
      "log_loss": 0.4197112268326174,
      "accuracy": 0.7836705895269479,
      "brier": 0.13767771644040042,
      "base_rate": 0.6059616281942195,
      "auc": 0.8792643326488487
    },
    "Senate": {
      "n": 77516,
      "log_loss": 0.4868061012289164,
      "accuracy": 0.766538521079519,
      "brier": 0.16102119015799887,
      "base_rate": 0.65403271582641,
      "auc": 0.8223942693550133
    }
  }
}