{
  "flat": {
    "model": "nominate_logit",
    "split": "regimeA_seed42",
    "eval_set": "val",
    "log_loss": 0.16352735196296792,
    "accuracy": 0.9333883712701969,
    "auc": 0.9820315557266455,
    "brier": 0.04852241874776749,
    "apre": 0.7579389841666038,
    "contested_log_loss": 0.15473818056954053,
    "contested_accuracy": 0.9387107162609651,
    "contested_n": 571356,
    "n": 1059875,
    "fit_seconds": 17.1,
    "git_rev": "none",
    "run_utc": "20260611T234841Z"
  },
  "lopsided": {
    "n": 488519,
    "log_loss": 0.17380688215660026,
    "accuracy": 0.927163528951791,
    "brier": 0.052636834377275954,
    "base_rate": 0.785424927177858,
    "auc": 0.9710854189268003
  },
  "by_chamber": {
    "House": {
      "n": 936436,
      "log_loss": 0.15851025287012774,
      "accuracy": 0.9354723654366128,
      "brier": 0.04702199740675001,
      "base_rate": 0.6367632171338992,
      "auc": 0.9831153938938747
    },
    "Senate": {
      "n": 123439,
      "log_loss": 0.20158819339965195,
      "accuracy": 0.9175787230939978,
      "brier": 0.059904952297917986,
      "base_rate": 0.6379669310347621,
      "auc": 0.9728026995741645
    }
  }
}