{
  "flat": {
    "model": "emb2_mlp_mq_16d_tcal",
    "split": "congressout118",
    "eval_set": "val",
    "log_loss": 0.6047457929962339,
    "accuracy": 0.6489635913460317,
    "auc": 0.6522688870922081,
    "brier": 0.21101933240188653,
    "apre": -0.14376675389836552,
    "contested_log_loss": 0.7672501340226636,
    "contested_accuracy": 0.49026379295997335,
    "contested_n": 288408,
    "n": 511719,
    "fit_seconds": 71.4,
    "git_rev": "none",
    "run_utc": "20260612T031930Z"
  },
  "lopsided": {
    "n": 223311,
    "log_loss": 0.39487009503800335,
    "accuracy": 0.8539256910765703,
    "brier": 0.12318028730587391,
    "base_rate": 0.8798267886490142,
    "auc": 0.6945763061513202
  },
  "by_chamber": {
    "House": {
      "n": 420436,
      "log_loss": 0.5865045856168676,
      "accuracy": 0.6605285941260977,
      "brier": 0.20339377770268277,
      "base_rate": 0.6903714239503753,
      "auc": 0.6774786812563246
    },
    "Senate": {
      "n": 91283,
      "log_loss": 0.6887620968616989,
      "accuracy": 0.5956968986558285,
      "brier": 0.2461415097570835,
      "base_rate": 0.6057754455922789,
      "auc": 0.5092998598280822
    }
  }
}