{
  "flat": {
    "model": "ctx_stack_16d_tcal",
    "split": "forecast108_119",
    "eval_set": "val",
    "log_loss": 0.42596719434922653,
    "accuracy": 0.7810144401379296,
    "auc": 0.8744595188374144,
    "brier": 0.14002703623917223,
    "apre": 0.3002998596986731,
    "contested_log_loss": 0.4408573712845767,
    "contested_accuracy": 0.7740911492100082,
    "contested_n": 416460,
    "n": 696877,
    "fit_seconds": 79.2,
    "git_rev": "none",
    "run_utc": "20260703T200033Z"
  },
  "lopsided": {
    "n": 280417,
    "log_loss": 0.4038531175047558,
    "accuracy": 0.7912965333770777,
    "brier": 0.1328402983934545,
    "base_rate": 0.7676567397839646,
    "auc": 0.8460416800992551
  },
  "by_chamber": {
    "House": {
      "n": 619361,
      "log_loss": 0.41809821574207573,
      "accuracy": 0.7833589780434996,
      "brier": 0.1372329655005975,
      "base_rate": 0.6059616281942195,
      "auc": 0.880045279241678
    },
    "Senate": {
      "n": 77516,
      "log_loss": 0.48884116177664094,
      "accuracy": 0.7622813354662263,
      "brier": 0.16235195556827162,
      "base_rate": 0.65403271582641,
      "auc": 0.8182668982690064
    }
  }
}