{
  "flat": {
    "model": "emb2_mlp_mq_16d_tcal",
    "split": "randomrc108_119",
    "eval_set": "test",
    "log_loss": 0.41729570325235404,
    "accuracy": 0.7912883379457036,
    "auc": 0.8803905309856159,
    "brier": 0.1371416199991668,
    "apre": 0.3103005224423471,
    "contested_log_loss": 0.46123528463022434,
    "contested_accuracy": 0.7651911538139702,
    "contested_n": 406322,
    "n": 699568,
    "fit_seconds": 71.9,
    "git_rev": "none",
    "run_utc": "20260703T221108Z"
  },
  "lopsided": {
    "n": 293246,
    "log_loss": 0.35641296799042704,
    "accuracy": 0.827448626750237,
    "brier": 0.11497563606984704,
    "base_rate": 0.7945752030718236,
    "auc": 0.8685138164342764
  },
  "by_chamber": {
    "House": {
      "n": 621620,
      "log_loss": 0.4121605625021672,
      "accuracy": 0.7952768572439755,
      "brier": 0.1350913424426501,
      "base_rate": 0.6304961230333644,
      "auc": 0.8840672640853475
    },
    "Senate": {
      "n": 77948,
      "log_loss": 0.45824744278551865,
      "accuracy": 0.7594806794273106,
      "brier": 0.1534921810742667,
      "base_rate": 0.6270334068866423,
      "auc": 0.8488817647969052
    }
  }
}