{
  "flat": {
    "model": "blend3_mlp_tfidf_emb3_tcal",
    "split": "congressout118",
    "eval_set": "val",
    "log_loss": 0.5962888537759208,
    "accuracy": 0.6490671638145153,
    "auc": 0.6671850148409837,
    "brier": 0.20835043276748594,
    "apre": -0.1434292882020719,
    "contested_log_loss": 0.7717391918455685,
    "contested_accuracy": 0.4839116806745999,
    "contested_n": 288408,
    "n": 511719,
    "fit_seconds": 239.2,
    "git_rev": "none",
    "run_utc": "20260703T223403Z"
  },
  "lopsided": {
    "n": 223311,
    "log_loss": 0.3696932937632435,
    "accuracy": 0.8623668336982953,
    "brier": 0.1133886138885781,
    "base_rate": 0.8798267886490142,
    "auc": 0.7322627223733188
  },
  "by_chamber": {
    "House": {
      "n": 420436,
      "log_loss": 0.5769752797507943,
      "accuracy": 0.6600172202190108,
      "brier": 0.20037764125143187,
      "base_rate": 0.6903714239503753,
      "auc": 0.6957835607153481
    },
    "Senate": {
      "n": 91283,
      "log_loss": 0.6852443198411036,
      "accuracy": 0.5986328231981859,
      "brier": 0.2450719315552526,
      "base_rate": 0.6057754455922789,
      "auc": 0.5015331170642371
    }
  }
}