{
  "flat": {
    "model": "text_tower_8d",
    "split": "congressout118",
    "eval_set": "test",
    "log_loss": 0.7414114312857053,
    "accuracy": 0.6443311450017258,
    "auc": 0.6739236705565294,
    "brier": 0.2356762711293597,
    "apre": -0.015523336487685767,
    "contested_log_loss": 0.8746425434161554,
    "contested_accuracy": 0.5774904302758448,
    "contested_n": 380105,
    "n": 582331,
    "fit_seconds": 20.7,
    "git_rev": "792de30",
    "run_utc": "20260705T193318Z"
  },
  "lopsided": {
    "n": 202226,
    "log_loss": 0.4909895672506916,
    "accuracy": 0.7699652863627823,
    "brier": 0.16006316633935264,
    "base_rate": 0.708128529467032,
    "auc": 0.7973129264201001
  },
  "by_chamber": {
    "House": {
      "n": 516591,
      "log_loss": 0.7053297747407755,
      "accuracy": 0.6620808337737204,
      "brier": 0.22288816715644147,
      "base_rate": 0.5682812902276656,
      "auc": 0.7111450488389696
    },
    "Senate": {
      "n": 65740,
      "log_loss": 1.0249444254475832,
      "accuracy": 0.5048524490416794,
      "brier": 0.33616637486337003,
      "base_rate": 0.5944021904472163,
      "auc": 0.34446362507834366
    }
  }
}