{
  "flat": {
    "model": "emb_tower_mq_8d",
    "split": "forecast108_119",
    "eval_set": "test",
    "log_loss": 0.43543041225777596,
    "accuracy": 0.789896583888324,
    "auc": 0.8498535389443541,
    "brier": 0.14178045423474625,
    "apre": 0.20274019354199466,
    "contested_log_loss": 0.48827373411185937,
    "contested_accuracy": 0.7591701573644288,
    "contested_n": 353320,
    "n": 689351,
    "fit_seconds": 70.1,
    "git_rev": "none",
    "run_utc": "20260612T005404Z"
  },
  "lopsided": {
    "n": 336031,
    "log_loss": 0.37986826924869416,
    "accuracy": 0.822203903806494,
    "brier": 0.1213744862641125,
    "base_rate": 0.8991194264814854,
    "auc": 0.7752009280698854
  },
  "by_chamber": {
    "House": {
      "n": 612379,
      "log_loss": 0.42780330836304437,
      "accuracy": 0.7941748492355224,
      "brier": 0.13896039257464238,
      "base_rate": 0.7179214179454226,
      "auc": 0.851832081787754
    },
    "Senate": {
      "n": 76972,
      "log_loss": 0.49611063696223673,
      "accuracy": 0.7558592735020527,
      "brier": 0.1642164899276306,
      "base_rate": 0.6341916541079873,
      "auc": 0.828558699326541
    }
  }
}