{
  "flat": {
    "model": "blend3_mlp_tfidf_emb3_tcal",
    "split": "forecast108_119",
    "eval_set": "val",
    "log_loss": 0.40200464259205837,
    "accuracy": 0.7985483808476962,
    "auc": 0.8889900656468128,
    "brier": 0.13176883467116737,
    "apre": 0.3563241052351652,
    "contested_log_loss": 0.41829516034526176,
    "contested_accuracy": 0.795440138308601,
    "contested_n": 416460,
    "n": 696877,
    "fit_seconds": 236.1,
    "git_rev": "none",
    "run_utc": "20260703T201835Z"
  },
  "lopsided": {
    "n": 280417,
    "log_loss": 0.37781085611157006,
    "accuracy": 0.8031645727612805,
    "brier": 0.12401073742583016,
    "base_rate": 0.7676567397839646,
    "auc": 0.8656198116431321
  },
  "by_chamber": {
    "House": {
      "n": 619361,
      "log_loss": 0.3932614977266875,
      "accuracy": 0.8033957578859502,
      "brier": 0.12858687536716323,
      "base_rate": 0.6059616281942195,
      "auc": 0.8946914543753367
    },
    "Senate": {
      "n": 77516,
      "log_loss": 0.4718632904449002,
      "accuracy": 0.7598173280355024,
      "brier": 0.15719302447052963,
      "base_rate": 0.65403271582641,
      "auc": 0.8312837698842218
    }
  }
}