{
  "flat": {
    "model": "nominate_context_logit",
    "split": "congressout118",
    "eval_set": "val",
    "log_loss": 0.6359226635405439,
    "accuracy": 0.6299257991202203,
    "auc": 0.5924459968306149,
    "brier": 0.22049665203054022,
    "apre": -0.2057967692435038,
    "contested_log_loss": 0.7912228643748843,
    "contested_accuracy": 0.47532662062078723,
    "contested_n": 288408,
    "n": 511719,
    "fit_seconds": 37.9,
    "git_rev": "67d3d61",
    "run_utc": "20260703T230649Z"
  },
  "lopsided": {
    "n": 223311,
    "log_loss": 0.4353511721127577,
    "accuracy": 0.8295919144153221,
    "brier": 0.13249537860740898,
    "base_rate": 0.8798267886490142,
    "auc": 0.5127898930037044
  },
  "by_chamber": {
    "House": {
      "n": 420436,
      "log_loss": 0.5849163051904024,
      "accuracy": 0.6743452035505999,
      "brier": 0.19982467889500685,
      "base_rate": 0.6903714239503753,
      "auc": 0.6518853758633526
    },
    "Senate": {
      "n": 91283,
      "log_loss": 0.8708504078007036,
      "accuracy": 0.42533659060285045,
      "brier": 0.31570870353203684,
      "base_rate": 0.6057754455922789,
      "auc": 0.36387756982582
    }
  }
}