{
  "flat": {
    "model": "gb_spatial_emb2",
    "split": "randomrc108_119",
    "eval_set": "val",
    "log_loss": 0.9872966945543147,
    "accuracy": 0.6499077681312185,
    "auc": 0.6752675088621386,
    "brier": 0.24608687832391757,
    "apre": -0.17531417968974158,
    "contested_log_loss": 1.306681656652612,
    "contested_accuracy": 0.538052828912691,
    "contested_n": 402204,
    "n": 702035,
    "fit_seconds": 17.5,
    "git_rev": "none",
    "run_utc": "20260703T190516Z"
  },
  "lopsided": {
    "n": 299831,
    "log_loss": 0.5588623121996429,
    "accuracy": 0.7999539740720606,
    "brier": 0.1401267133417141,
    "base_rate": 0.812207543582885,
    "auc": 0.7937023156493128
  },
  "by_chamber": {
    "House": {
      "n": 623346,
      "log_loss": 0.9355715464034494,
      "accuracy": 0.6578545462712523,
      "brier": 0.23577034550813697,
      "base_rate": 0.6392886133864659,
      "auc": 0.696901615608862
    },
    "Senate": {
      "n": 78689,
      "log_loss": 1.3970447431919801,
      "accuracy": 0.5869562454726837,
      "brier": 0.32781074652132236,
      "base_rate": 0.6394667615549823,
      "auc": 0.5254437783171775
    }
  }
}