{
  "flat": {
    "model": "emb2maj_mlp_mq_16d_tcal",
    "split": "congressout118",
    "eval_set": "test",
    "log_loss": 0.6964464819279981,
    "accuracy": 0.5889863325153564,
    "auc": 0.5919518456734967,
    "brier": 0.2483871052072418,
    "apre": -0.1735465871704478,
    "contested_log_loss": 0.7739230005986736,
    "contested_accuracy": 0.5246602912353165,
    "contested_n": 380105,
    "n": 582331,
    "fit_seconds": 126.3,
    "git_rev": "none",
    "run_utc": "20260703T192151Z"
  },
  "lopsided": {
    "n": 202226,
    "log_loss": 0.5508212303316801,
    "accuracy": 0.7098938811033201,
    "brier": 0.19097288697837886,
    "base_rate": 0.708128529467032,
    "auc": 0.64961174710965
  },
  "by_chamber": {
    "House": {
      "n": 516591,
      "log_loss": 0.69228306569914,
      "accuracy": 0.5900431869699627,
      "brier": 0.2464812476381665,
      "base_rate": 0.5682812902276656,
      "auc": 0.6103754246976418
    },
    "Senate": {
      "n": 65740,
      "log_loss": 0.7291629917102018,
      "accuracy": 0.5806814724672954,
      "brier": 0.2633635102493194,
      "base_rate": 0.5944021904472163,
      "auc": 0.4265878002991209
    }
  }
}