{
  "flat": {
    "model": "emb2maj_mlp_mq_16d_tcal",
    "split": "forecast108_119",
    "eval_set": "test",
    "log_loss": 0.3604607268267361,
    "accuracy": 0.8437080674431457,
    "auc": 0.9014824697229563,
    "brier": 0.1105033206496086,
    "apre": 0.4069336034260676,
    "contested_log_loss": 0.38020836943676956,
    "contested_accuracy": 0.8316342126117967,
    "contested_n": 353320,
    "n": 689351,
    "fit_seconds": 124.4,
    "git_rev": "none",
    "run_utc": "20260703T192421Z"
  },
  "lopsided": {
    "n": 336031,
    "log_loss": 0.33969705595417676,
    "accuracy": 0.8564031294731737,
    "brier": 0.10269100843992274,
    "base_rate": 0.8991194264814854,
    "auc": 0.8140637557108544
  },
  "by_chamber": {
    "House": {
      "n": 612379,
      "log_loss": 0.34055228520215985,
      "accuracy": 0.8589484616552822,
      "brier": 0.10278312765093035,
      "base_rate": 0.7179214179454226,
      "auc": 0.9106780686245857
    },
    "Senate": {
      "n": 76972,
      "log_loss": 0.5188496419337411,
      "accuracy": 0.7224575170191758,
      "brier": 0.17192414989060012,
      "base_rate": 0.6341916541079873,
      "auc": 0.8010752239010313
    }
  }
}