{
  "flat": {
    "model": "party_congress_rate",
    "split": "randomrc108_119",
    "eval_set": "val",
    "log_loss": 0.6203675625045373,
    "accuracy": 0.6475474869486564,
    "auc": 0.6535391213790119,
    "brier": 0.21563287817706747,
    "apre": -0.18323801143862736,
    "contested_log_loss": 0.6779037940660042,
    "contested_accuracy": 0.5557900965679108,
    "contested_n": 402204,
    "n": 702035,
    "fit_seconds": 0.3,
    "git_rev": "none",
    "run_utc": "20260703T180920Z"
  },
  "lopsided": {
    "n": 299831,
    "log_loss": 0.543186408858156,
    "accuracy": 0.7706341238897912,
    "brier": 0.18021904345775286,
    "base_rate": 0.812207543582885,
    "auc": 0.6053898701477491
  },
  "by_chamber": {
    "House": {
      "n": 623346,
      "log_loss": 0.6226056227401316,
      "accuracy": 0.644436637116465,
      "brier": 0.21663188024093918,
      "base_rate": 0.6392886133864659,
      "auc": 0.6483002212465372
    },
    "Senate": {
      "n": 78689,
      "log_loss": 0.6026384530277799,
      "accuracy": 0.6721905221822618,
      "brier": 0.20771914257861993,
      "base_rate": 0.6394667615549823,
      "auc": 0.6922246970216518
    }
  }
}