{
  "flat": {
    "model": "emb4_mlp_mq_16d_tcal",
    "split": "forecast108_119",
    "eval_set": "val",
    "log_loss": 0.46651086702916844,
    "accuracy": 0.7496315705641025,
    "auc": 0.8418304157111477,
    "brier": 0.1566006498223068,
    "apre": 0.2000256760598252,
    "contested_log_loss": 0.5073334442325127,
    "contested_accuracy": 0.7253877923450032,
    "contested_n": 416460,
    "n": 696877,
    "fit_seconds": 71.5,
    "git_rev": "none",
    "run_utc": "20260703T203301Z"
  },
  "lopsided": {
    "n": 280417,
    "log_loss": 0.4058834068462816,
    "accuracy": 0.7856371047404401,
    "brier": 0.13545493266978612,
    "base_rate": 0.7676567397839646,
    "auc": 0.8396499059619373
  },
  "by_chamber": {
    "House": {
      "n": 619361,
      "log_loss": 0.464161230304648,
      "accuracy": 0.7502038391180588,
      "brier": 0.15579420914834902,
      "base_rate": 0.6059616281942195,
      "auc": 0.844109989707731
    },
    "Senate": {
      "n": 77516,
      "log_loss": 0.4852847118010317,
      "accuracy": 0.7450590845760875,
      "brier": 0.16304419570010248,
      "base_rate": 0.65403271582641,
      "auc": 0.821412714569933
    }
  }
}