{
  "flat": {
    "model": "member_rate",
    "split": "regimeA_seed42",
    "eval_set": "val",
    "log_loss": 0.6301917880608481,
    "accuracy": 0.6483368321736054,
    "auc": 0.62966637279379,
    "brier": 0.21992452350002126,
    "apre": -0.2779141609122889,
    "contested_log_loss": 0.693686809289253,
    "contested_accuracy": 0.5518870896603869,
    "contested_n": 571356,
    "n": 1059875,
    "fit_seconds": 0.7,
    "git_rev": "none",
    "run_utc": "20260611T233950Z"
  },
  "lopsided": {
    "n": 488519,
    "log_loss": 0.555930067740909,
    "accuracy": 0.7611413271541128,
    "brier": 0.1853415381766604,
    "base_rate": 0.785424927177858,
    "auc": 0.6001085123010131
  },
  "by_chamber": {
    "House": {
      "n": 936436,
      "log_loss": 0.6323515719881216,
      "accuracy": 0.6454578850022853,
      "brier": 0.22090206484949584,
      "base_rate": 0.6367632171338992,
      "auc": 0.6250213224727691
    },
    "Senate": {
      "n": 123439,
      "log_loss": 0.6138071817231434,
      "accuracy": 0.6701771725305616,
      "brier": 0.21250867509605867,
      "base_rate": 0.6379669310347621,
      "auc": 0.6621893736855808
    }
  }
}