{
  "flat": {
    "model": "notext_mq_16d_tcal",
    "split": "forecast108_119",
    "eval_set": "test",
    "log_loss": 0.43918862616056814,
    "accuracy": 0.764503134107298,
    "auc": 0.828424787093751,
    "brier": 0.14715934458680338,
    "apre": 0.10638204176896061,
    "contested_log_loss": 0.5092468100100238,
    "contested_accuracy": 0.6993801652892562,
    "contested_n": 353320,
    "n": 689351,
    "fit_seconds": 63.0,
    "git_rev": "6c8db43",
    "run_utc": "20260705T202114Z"
  },
  "lopsided": {
    "n": 336031,
    "log_loss": 0.3655259060017447,
    "accuracy": 0.8329767194098163,
    "brier": 0.11680902620232156,
    "base_rate": 0.8991194264814854,
    "auc": 0.7680623335949719
  },
  "by_chamber": {
    "House": {
      "n": 612379,
      "log_loss": 0.4339847819341275,
      "accuracy": 0.7672046232806807,
      "brier": 0.14540900435583354,
      "base_rate": 0.7179214179454226,
      "auc": 0.8274687946589865
    },
    "Senate": {
      "n": 76972,
      "log_loss": 0.4805897190715426,
      "accuracy": 0.7430104453567531,
      "brier": 0.16108481878912492,
      "base_rate": 0.6341916541079873,
      "auc": 0.8287369593193978
    }
  }
}