{
  "flat": {
    "model": "member_question_rate",
    "split": "randomrc108_119",
    "eval_set": "val",
    "log_loss": 0.4936349352226574,
    "accuracy": 0.7252316479947581,
    "auc": 0.804763736334878,
    "brier": 0.1687307383128814,
    "apre": 0.0775598232559919,
    "contested_log_loss": 0.5619681461815399,
    "contested_accuracy": 0.6677457210768665,
    "contested_n": 402204,
    "n": 702035,
    "fit_seconds": 24.4,
    "git_rev": "none",
    "run_utc": "20260703T180920Z"
  },
  "lopsided": {
    "n": 299831,
    "log_loss": 0.40197032822569495,
    "accuracy": 0.802345321197608,
    "brier": 0.13121538211225306,
    "base_rate": 0.812207543582885,
    "auc": 0.8257072458273372
  },
  "by_chamber": {
    "House": {
      "n": 623346,
      "log_loss": 0.4971241994435782,
      "accuracy": 0.7216233039114713,
      "brier": 0.17016677732484636,
      "base_rate": 0.6392886133864659,
      "auc": 0.8002093278498862
    },
    "Senate": {
      "n": 78689,
      "log_loss": 0.465994237093897,
      "accuracy": 0.7538156540304236,
      "brier": 0.15735495295594118,
      "base_rate": 0.6394667615549823,
      "auc": 0.8360550267369614
    }
  }
}