{
  "flat": {
    "model": "constant_rate",
    "split": "forecast108_119",
    "eval_set": "val",
    "log_loss": 0.6688483638806062,
    "accuracy": 0.611308738844875,
    "auc": 0.5,
    "brier": 0.23793402087501722,
    "apre": -0.24194184372449587,
    "contested_log_loss": NaN,
    "contested_accuracy": NaN,
    "contested_n": 0,
    "n": 696877,
    "fit_seconds": 0.0,
    "git_rev": "none",
    "run_utc": "20260612T000331Z"
  },
  "lopsided": {
    "n": 696877,
    "log_loss": 0.6688483638806062,
    "accuracy": 0.611308738844875,
    "brier": 0.23793402087501722,
    "base_rate": 0.611308738844875,
    "auc": 0.5
  },
  "by_chamber": {
    "House": {
      "n": 619361,
      "log_loss": 0.6716781162994864,
      "accuracy": 0.6059616281942195,
      "brier": 0.23931677499292267,
      "base_rate": 0.6059616281942195,
      "auc": 0.5
    },
    "Senate": {
      "n": 77516,
      "log_loss": 0.6462383441697082,
      "accuracy": 0.65403271582641,
      "brier": 0.22688566991237752,
      "base_rate": 0.65403271582641,
      "auc": 0.5
    }
  }
}