{
  "flat": {
    "model": "text_tower_mq_8d",
    "split": "congressout118",
    "eval_set": "test",
    "log_loss": 0.7196509071932133,
    "accuracy": 0.5925238395345602,
    "auc": 0.6278117151303712,
    "brier": 0.248711300584624,
    "apre": -0.16344612186260427,
    "contested_log_loss": 0.794063731199407,
    "contested_accuracy": 0.5363544283816314,
    "contested_n": 380105,
    "n": 582331,
    "fit_seconds": 72.0,
    "git_rev": "792de30",
    "run_utc": "20260705T193352Z"
  },
  "lopsided": {
    "n": 202226,
    "log_loss": 0.5797841913956688,
    "accuracy": 0.6981001453818995,
    "brier": 0.19774576919666598,
    "base_rate": 0.708128529467032,
    "auc": 0.6488547844507154
  },
  "by_chamber": {
    "House": {
      "n": 516591,
      "log_loss": 0.7212510284260208,
      "accuracy": 0.5906200456453945,
      "brier": 0.24808012355971545,
      "base_rate": 0.5682812902276656,
      "auc": 0.643649981730291
    },
    "Senate": {
      "n": 65740,
      "log_loss": 0.7070770065577199,
      "accuracy": 0.6074840279890478,
      "brier": 0.2536711480211089,
      "base_rate": 0.5944021904472163,
      "auc": 0.4533522270808819
    }
  }
}