{
  "flat": {
    "model": "party_question_rate",
    "split": "forecast108_119",
    "eval_set": "val",
    "log_loss": 0.520757209253864,
    "accuracy": 0.6999025653020547,
    "auc": 0.7837267536697492,
    "brier": 0.17937306684107873,
    "apre": 0.04113213083786485,
    "contested_log_loss": NaN,
    "contested_accuracy": NaN,
    "contested_n": 0,
    "n": 696877,
    "fit_seconds": 24.1,
    "git_rev": "none",
    "run_utc": "20260612T000331Z"
  },
  "lopsided": {
    "n": 696877,
    "log_loss": 0.520757209253864,
    "accuracy": 0.6999025653020547,
    "brier": 0.17937306684107873,
    "base_rate": 0.611308738844875,
    "auc": 0.7837267536697492
  },
  "by_chamber": {
    "House": {
      "n": 619361,
      "log_loss": 0.5238184731537842,
      "accuracy": 0.6960900024379966,
      "brier": 0.180794764836558,
      "base_rate": 0.6059616281942195,
      "auc": 0.7796966770870485
    },
    "Senate": {
      "n": 77516,
      "log_loss": 0.4962973884385666,
      "accuracy": 0.7303653439289953,
      "brier": 0.16801355019705655,
      "base_rate": 0.65403271582641,
      "auc": 0.8107483675110021
    }
  }
}