{
  "flat": {
    "model": "text_tower_mq_8d",
    "split": "randomrc108_119",
    "eval_set": "val",
    "log_loss": 0.44804256544461774,
    "accuracy": 0.7728232922859971,
    "auc": 0.852990449367952,
    "brier": 0.1493166992998303,
    "apre": 0.23733238967845596,
    "contested_log_loss": 0.5089126317582224,
    "contested_accuracy": 0.7315143558989965,
    "contested_n": 402204,
    "n": 702035,
    "fit_seconds": 70.2,
    "git_rev": "none",
    "run_utc": "20260703T180920Z"
  },
  "lopsided": {
    "n": 299831,
    "log_loss": 0.36638928692572803,
    "accuracy": 0.8282365732696085,
    "brier": 0.11820569260973107,
    "base_rate": 0.812207543582885,
    "auc": 0.8620440064746154
  },
  "by_chamber": {
    "House": {
      "n": 623346,
      "log_loss": 0.4473543843044435,
      "accuracy": 0.7726848331424281,
      "brier": 0.14902700792507056,
      "base_rate": 0.6392886133864659,
      "auc": 0.853424672493225
    },
    "Senate": {
      "n": 78689,
      "log_loss": 0.45349408930440843,
      "accuracy": 0.7739201158992998,
      "brier": 0.1516115303396328,
      "base_rate": 0.6394667615549823,
      "auc": 0.8495301092880087
    }
  }
}