{
  "flat": {
    "model": "blend_mlp_tfidf_tcal",
    "split": "randomrc108_119",
    "eval_set": "val",
    "log_loss": 0.41970977702285095,
    "accuracy": 0.7889293268854117,
    "auc": 0.874488713993493,
    "brier": 0.13889628189841682,
    "apre": 0.29140285774402724,
    "contested_log_loss": 0.4860196124946909,
    "contested_accuracy": 0.7487518771568656,
    "contested_n": 402204,
    "n": 702035,
    "fit_seconds": 154.3,
    "git_rev": "none",
    "run_utc": "20260703T221731Z"
  },
  "lopsided": {
    "n": 299831,
    "log_loss": 0.3307593980889992,
    "accuracy": 0.8428247912990985,
    "brier": 0.10675448529038153,
    "base_rate": 0.812207543582885,
    "auc": 0.8786019146926605
  },
  "by_chamber": {
    "House": {
      "n": 623346,
      "log_loss": 0.4155809105299237,
      "accuracy": 0.7918347113801966,
      "brier": 0.1372956940589051,
      "base_rate": 0.6392886133864659,
      "auc": 0.877630446885043
    },
    "Senate": {
      "n": 78689,
      "log_loss": 0.45241717466293296,
      "accuracy": 0.7659139142701012,
      "brier": 0.15157556397606747,
      "base_rate": 0.6394667615549823,
      "auc": 0.8486041865727115
    }
  }
}