{
  "flat": {
    "model": "notext_mq_16d_rcal",
    "split": "regimeA_seed42",
    "eval_set": "test",
    "log_loss": 0.5329823096198599,
    "accuracy": 0.7040701981148476,
    "auc": 0.7622165778177808,
    "brier": 0.18355231534460956,
    "apre": -0.07532290071618383,
    "contested_log_loss": 0.5915073816996731,
    "contested_accuracy": 0.6380029126383941,
    "contested_n": 569930,
    "n": 1058376,
    "fit_seconds": 91.3,
    "git_rev": "44b18ab",
    "run_utc": "20260709T033314Z"
  },
  "lopsided": {
    "n": 488446,
    "log_loss": 0.46469391268253607,
    "accuracy": 0.7811590226964701,
    "brier": 0.15412334026872657,
    "base_rate": 0.7860213820975093,
    "auc": 0.7583525202876626
  },
  "by_chamber": {
    "House": {
      "n": 933927,
      "log_loss": 0.5344656981348374,
      "accuracy": 0.7012036272642295,
      "brier": 0.18432465051971644,
      "base_rate": 0.636120381999878,
      "auc": 0.7597727602029736
    },
    "Senate": {
      "n": 124449,
      "log_loss": 0.5218502267133854,
      "accuracy": 0.7255823670740624,
      "brier": 0.17775632925326382,
      "base_rate": 0.6418050767784393,
      "auc": 0.7777546061550962
    }
  }
}