{
  "flat": {
    "model": "emb2cosp_mlp_mq_16d_tcal",
    "split": "forecast108_119",
    "eval_set": "test",
    "log_loss": 0.3765447990586343,
    "accuracy": 0.8300111264073019,
    "auc": 0.8884326990507081,
    "brier": 0.11944885849388574,
    "apre": 0.3549591007673423,
    "contested_log_loss": 0.4232496949310116,
    "contested_accuracy": 0.8105739839239217,
    "contested_n": 353320,
    "n": 689351,
    "fit_seconds": 72.6,
    "git_rev": "none",
    "run_utc": "20260612T032748Z"
  },
  "lopsided": {
    "n": 336031,
    "log_loss": 0.327436907793756,
    "accuracy": 0.8504483217322212,
    "brier": 0.10181796035872277,
    "base_rate": 0.8991194264814854,
    "auc": 0.806716968042196
  },
  "by_chamber": {
    "House": {
      "n": 612379,
      "log_loss": 0.3608100906647321,
      "accuracy": 0.8425615509349602,
      "brier": 0.11311031385864055,
      "base_rate": 0.7179214179454226,
      "auc": 0.8961574914401732
    },
    "Senate": {
      "n": 76972,
      "log_loss": 0.501728047402832,
      "accuracy": 0.7301616172114536,
      "brier": 0.16987747701993172,
      "base_rate": 0.6341916541079873,
      "auc": 0.8097095789670385
    }
  }
}