{
  "flat": {
    "model": "nominate_context_logit",
    "split": "randomrc108_119",
    "eval_set": "test",
    "log_loss": 0.5871927443600491,
    "accuracy": 0.655267250646113,
    "auc": 0.7132146789040061,
    "brier": 0.2034034508800071,
    "apre": -0.1391888444860131,
    "contested_log_loss": 0.6951352915792448,
    "contested_accuracy": 0.5630312904543687,
    "contested_n": 406322,
    "n": 699568,
    "fit_seconds": 38.7,
    "git_rev": "none",
    "run_utc": "20260703T190617Z"
  },
  "lopsided": {
    "n": 293246,
    "log_loss": 0.4376274248972148,
    "accuracy": 0.783069504784379,
    "brier": 0.13951639365890459,
    "base_rate": 0.7945752030718236,
    "auc": 0.8003055337354364
  },
  "by_chamber": {
    "House": {
      "n": 621620,
      "log_loss": 0.5769265366327018,
      "accuracy": 0.6590119365528779,
      "brier": 0.1997511271410394,
      "base_rate": 0.6304961230333644,
      "auc": 0.7241547416175953
    },
    "Senate": {
      "n": 77948,
      "log_loss": 0.6690637358861125,
      "accuracy": 0.6254041155642223,
      "brier": 0.23253001580299593,
      "base_rate": 0.6270334068866423,
      "auc": 0.6149330327715307
    }
  }
}