{
  "flat": {
    "model": "kraft_bilinear_16d",
    "split": "forecast108_119",
    "eval_set": "val",
    "log_loss": 0.5569542716817579,
    "accuracy": 0.702759597461245,
    "auc": 0.7689982520728654,
    "brier": 0.18978163818288343,
    "apre": 0.05026088710786696,
    "contested_log_loss": 0.6452723258226691,
    "contested_accuracy": 0.6434375450223311,
    "contested_n": 416460,
    "n": 696877,
    "fit_seconds": 15.7,
    "git_rev": "none",
    "run_utc": "20260703T185701Z"
  },
  "lopsided": {
    "n": 280417,
    "log_loss": 0.4257891253906137,
    "accuracy": 0.7908614670294597,
    "brier": 0.14050941896458757,
    "base_rate": 0.7676567397839646,
    "auc": 0.8261651627417324
  },
  "by_chamber": {
    "House": {
      "n": 619361,
      "log_loss": 0.545064629894205,
      "accuracy": 0.7097573143933829,
      "brier": 0.1852480172703556,
      "base_rate": 0.6059616281942195,
      "auc": 0.7815028791594647
    },
    "Senate": {
      "n": 77516,
      "log_loss": 0.6519537611701307,
      "accuracy": 0.6468471025336705,
      "brier": 0.2260057465218605,
      "base_rate": 0.65403271582641,
      "auc": 0.6423848049533384
    }
  }
}