{
  "flat": {
    "model": "meta_tower_8d",
    "split": "forecast108_119",
    "eval_set": "test",
    "log_loss": 0.5113235024955349,
    "accuracy": 0.7234340705968367,
    "auc": 0.7596750384983976,
    "brier": 0.17191353917533334,
    "apre": -0.04945889709687008,
    "contested_log_loss": 0.6503076180065864,
    "contested_accuracy": 0.6070615872297068,
    "contested_n": 353320,
    "n": 689351,
    "fit_seconds": 18.1,
    "git_rev": "none",
    "run_utc": "20260612T004450Z"
  },
  "lopsided": {
    "n": 336031,
    "log_loss": 0.36518856943172595,
    "accuracy": 0.8457939892450399,
    "brier": 0.11143822276279745,
    "base_rate": 0.8991194264814854,
    "auc": 0.745325639302907
  },
  "by_chamber": {
    "House": {
      "n": 612379,
      "log_loss": 0.49557057962394346,
      "accuracy": 0.7334526494213551,
      "brier": 0.1657377585111372,
      "base_rate": 0.7179214179454226,
      "auc": 0.7735998192860342
    },
    "Senate": {
      "n": 76972,
      "log_loss": 0.6366516628029484,
      "accuracy": 0.6437275892532349,
      "brier": 0.22104722918416403,
      "base_rate": 0.6341916541079873,
      "auc": 0.6344545669869242
    }
  }
}