{
  "flat": {
    "model": "ideal_point_1d",
    "split": "regimeA_seed42",
    "eval_set": "val",
    "log_loss": 0.1928295790263524,
    "accuracy": 0.9152843495695248,
    "auc": 0.9753720416964774,
    "brier": 0.05903140335020836,
    "apre": 0.6921505029794762,
    "contested_log_loss": 0.19491180320427837,
    "contested_accuracy": 0.911937566070891,
    "contested_n": 571356,
    "n": 1059875,
    "fit_seconds": 16.1,
    "git_rev": "none",
    "run_utc": "20260611T234841Z"
  },
  "lopsided": {
    "n": 488519,
    "log_loss": 0.1903942770679782,
    "accuracy": 0.9191986391522131,
    "brier": 0.05838255736482516,
    "base_rate": 0.785424927177858,
    "auc": 0.9656220628836668
  },
  "by_chamber": {
    "House": {
      "n": 936436,
      "log_loss": 0.17191656284911894,
      "accuracy": 0.9282898137192505,
      "brier": 0.051754514956420604,
      "base_rate": 0.6367632171338992,
      "auc": 0.9804278773997113
    },
    "Senate": {
      "n": 123439,
      "log_loss": 0.35148042046984973,
      "accuracy": 0.8166219752266302,
      "brier": 0.11423551436799863,
      "base_rate": 0.6379669310347621,
      "auc": 0.9142766311229602
    }
  }
}