{
  "flat": {
    "model": "emb2_mlp_mq_16d_tcal",
    "split": "randomrc108_119",
    "eval_set": "val",
    "log_loss": 0.4273385901858197,
    "accuracy": 0.7800907362168553,
    "auc": 0.8696470898515383,
    "brier": 0.14171334187034443,
    "apre": 0.2617303314906559,
    "contested_log_loss": 0.4974674067789109,
    "contested_accuracy": 0.7359399707611063,
    "contested_n": 402204,
    "n": 702035,
    "fit_seconds": 69.8,
    "git_rev": "none",
    "run_utc": "20260703T224529Z"
  },
  "lopsided": {
    "n": 299831,
    "log_loss": 0.3332652937321251,
    "accuracy": 0.8393161480967611,
    "brier": 0.10783681738929649,
    "base_rate": 0.812207543582885,
    "auc": 0.8751912630038832
  },
  "by_chamber": {
    "House": {
      "n": 623346,
      "log_loss": 0.42258985308201363,
      "accuracy": 0.7830963862766425,
      "brier": 0.13984540152378847,
      "base_rate": 0.6392886133864659,
      "auc": 0.8734898186273121
    },
    "Senate": {
      "n": 78689,
      "log_loss": 0.4649563802035989,
      "accuracy": 0.7562810558019545,
      "brier": 0.1565104944998651,
      "base_rate": 0.6394667615549823,
      "auc": 0.8381576984030465
    }
  }
}