{
  "flat": {
    "model": "text_tower_8d",
    "split": "forecast108_119",
    "eval_set": "val",
    "log_loss": 0.5443730475597329,
    "accuracy": 0.7163416212617147,
    "auc": 0.7832617764743637,
    "brier": 0.18495550388959406,
    "apre": 0.09365801322317081,
    "contested_log_loss": 0.6345288957647685,
    "contested_accuracy": 0.6598088651971378,
    "contested_n": 416460,
    "n": 696877,
    "fit_seconds": 25.1,
    "git_rev": "none",
    "run_utc": "20260612T004450Z"
  },
  "lopsided": {
    "n": 280417,
    "log_loss": 0.41047850998366203,
    "accuracy": 0.8003009803257292,
    "brier": 0.1340155099712603,
    "base_rate": 0.7676567397839646,
    "auc": 0.8359065241500783
  },
  "by_chamber": {
    "House": {
      "n": 619361,
      "log_loss": 0.5356129254702172,
      "accuracy": 0.7238411847048813,
      "brier": 0.1814083478152737,
      "base_rate": 0.6059616281942195,
      "auc": 0.7936928424368036
    },
    "Senate": {
      "n": 77516,
      "log_loss": 0.6143673452206623,
      "accuracy": 0.6564193198823469,
      "brier": 0.21329765432753114,
      "base_rate": 0.65403271582641,
      "auc": 0.6626753913091198
    }
  }
}