{
  "flat": {
    "model": "emb2_tower_mq_8d",
    "split": "forecast108_119",
    "eval_set": "test",
    "log_loss": 0.4234218176535844,
    "accuracy": 0.8053865157227595,
    "auc": 0.8631185589273529,
    "brier": 0.13511945426179697,
    "apre": 0.2615183908931776,
    "contested_log_loss": 0.49005612942640947,
    "contested_accuracy": 0.7679242612928789,
    "contested_n": 353320,
    "n": 689351,
    "fit_seconds": 75.9,
    "git_rev": "none",
    "run_utc": "20260612T024957Z"
  },
  "lopsided": {
    "n": 336031,
    "log_loss": 0.3533591298790204,
    "accuracy": 0.8447762260029581,
    "brier": 0.1097446804392158,
    "base_rate": 0.8991194264814854,
    "auc": 0.7921280757610395
  },
  "by_chamber": {
    "House": {
      "n": 612379,
      "log_loss": 0.4151011530340463,
      "accuracy": 0.8115431783258407,
      "brier": 0.13167250516617904,
      "base_rate": 0.7179214179454226,
      "auc": 0.866484705842036
    },
    "Senate": {
      "n": 76972,
      "log_loss": 0.4896199192885707,
      "accuracy": 0.7564049264667672,
      "brier": 0.1625429230585728,
      "base_rate": 0.6341916541079873,
      "auc": 0.8317521043743287
    }
  }
}