{
  "flat": {
    "model": "kraft_bilinear_16d",
    "split": "randomrc108_119",
    "eval_set": "test",
    "log_loss": 0.5221016028687921,
    "accuracy": 0.7301105825309334,
    "auc": 0.7935510417937431,
    "brier": 0.17601711508297796,
    "apre": 0.10813517369082372,
    "contested_log_loss": 0.6124934815497313,
    "contested_accuracy": 0.67414021391901,
    "contested_n": 406322,
    "n": 699568,
    "fit_seconds": 14.3,
    "git_rev": "none",
    "run_utc": "20260703T190547Z"
  },
  "lopsided": {
    "n": 293246,
    "log_loss": 0.396854510225085,
    "accuracy": 0.8076631906317563,
    "brier": 0.12890274143752872,
    "base_rate": 0.7945752030718236,
    "auc": 0.8402116698010581
  },
  "by_chamber": {
    "House": {
      "n": 621620,
      "log_loss": 0.5122221192879222,
      "accuracy": 0.737915446735948,
      "brier": 0.17194624205738693,
      "base_rate": 0.6304961230333644,
      "auc": 0.803784914674624
    },
    "Senate": {
      "n": 77948,
      "log_loss": 0.6008885452347328,
      "accuracy": 0.6678683224713912,
      "brier": 0.20848152841196496,
      "base_rate": 0.6270334068866423,
      "auc": 0.6946412799890127
    }
  }
}