{
  "flat": {
    "model": "emb2_mlp_mq_16d_tcal",
    "split": "congressout118",
    "eval_set": "test",
    "log_loss": 0.670318006832475,
    "accuracy": 0.6159761372827481,
    "auc": 0.64790698450808,
    "brier": 0.23605874869322102,
    "apre": -0.09648395938240067,
    "contested_log_loss": 0.7365554683936375,
    "contested_accuracy": 0.5639836361005511,
    "contested_n": 380105,
    "n": 582331,
    "fit_seconds": 71.4,
    "git_rev": "none",
    "run_utc": "20260612T031930Z"
  },
  "lopsided": {
    "n": 202226,
    "log_loss": 0.5458177431339124,
    "accuracy": 0.7137015022796277,
    "brier": 0.1884382147316352,
    "base_rate": 0.708128529467032,
    "auc": 0.6797290651325953
  },
  "by_chamber": {
    "House": {
      "n": 516591,
      "log_loss": 0.6667143554229541,
      "accuracy": 0.619019688689892,
      "brier": 0.23428094829420165,
      "base_rate": 0.5682812902276656,
      "auc": 0.6618206088185313
    },
    "Senate": {
      "n": 65740,
      "log_loss": 0.698635832894169,
      "accuracy": 0.5920596288408884,
      "brier": 0.25002886864956153,
      "base_rate": 0.5944021904472163,
      "auc": 0.517665674880775
    }
  }
}