{
  "flat": {
    "model": "emb4_mlp_mq_16d_tcal",
    "split": "forecast108_119",
    "eval_set": "val",
    "log_loss": 0.46857700786099254,
    "accuracy": 0.7474489759311902,
    "auc": 0.8419664236259743,
    "brier": 0.15645561649505124,
    "apre": 0.1930518748108683,
    "contested_log_loss": 0.5163295061926805,
    "contested_accuracy": 0.7200403400086443,
    "contested_n": 416460,
    "n": 696877,
    "fit_seconds": 71.3,
    "git_rev": "none",
    "run_utc": "20260703T203628Z"
  },
  "lopsided": {
    "n": 280417,
    "log_loss": 0.39765760762771607,
    "accuracy": 0.7881547837684592,
    "brier": 0.1317081957405419,
    "base_rate": 0.7676567397839646,
    "auc": 0.8450217922767338
  },
  "by_chamber": {
    "House": {
      "n": 619361,
      "log_loss": 0.46603944848115053,
      "accuracy": 0.7475398031196668,
      "brier": 0.15548386897885466,
      "base_rate": 0.6059616281942195,
      "auc": 0.8445963078284027
    },
    "Senate": {
      "n": 77516,
      "log_loss": 0.4888523744312271,
      "accuracy": 0.746723257134011,
      "brier": 0.16421998144395275,
      "base_rate": 0.65403271582641,
      "auc": 0.8155004202339149
    }
  }
}