{
  "flat": {
    "model": "gb_spatial_tfidf_tcal",
    "split": "randomrc108_119",
    "eval_set": "val",
    "log_loss": 0.7061716257190515,
    "accuracy": 0.6385607555178873,
    "auc": 0.6879678354308106,
    "brier": 0.22332967882425317,
    "apre": -0.2134078693165516,
    "contested_log_loss": 0.8594489562549228,
    "contested_accuracy": 0.5195000546986106,
    "contested_n": 402204,
    "n": 702035,
    "fit_seconds": 24.1,
    "git_rev": "none",
    "run_utc": "20260703T190838Z"
  },
  "lopsided": {
    "n": 299831,
    "log_loss": 0.5005599463034822,
    "accuracy": 0.7982730271386215,
    "brier": 0.15564708131728375,
    "base_rate": 0.812207543582885,
    "auc": 0.8039735550064687
  },
  "by_chamber": {
    "House": {
      "n": 623346,
      "log_loss": 0.7056836107331897,
      "accuracy": 0.6418136957644711,
      "brier": 0.22006538129215739,
      "base_rate": 0.6392886133864659,
      "auc": 0.7091874422585642
    },
    "Senate": {
      "n": 78689,
      "log_loss": 0.7100375051860287,
      "accuracy": 0.6127921310475416,
      "brier": 0.24918827163191026,
      "base_rate": 0.6394667615549823,
      "auc": 0.5336507922597992
    }
  }
}