{
  "flat": {
    "model": "ideal_point_8d",
    "split": "regimeA_seed42",
    "eval_set": "test",
    "log_loss": 0.1534358491988705,
    "accuracy": 0.9377867600928215,
    "auc": 0.9846220041798036,
    "brier": 0.04542058605277868,
    "apre": 0.7739351657934671,
    "contested_log_loss": 0.14631772180793617,
    "contested_accuracy": 0.9429243187528863,
    "contested_n": 569507,
    "n": 1058376,
    "fit_seconds": 15.1,
    "git_rev": "none",
    "run_utc": "20260611T234841Z"
  },
  "lopsided": {
    "n": 488869,
    "log_loss": 0.16172809799359636,
    "accuracy": 0.931801771026594,
    "brier": 0.0490565404279101,
    "base_rate": 0.7850855750722586,
    "auc": 0.9758141770158058
  },
  "by_chamber": {
    "House": {
      "n": 933927,
      "log_loss": 0.1456698039484775,
      "accuracy": 0.9404760757532441,
      "brier": 0.04335695735921154,
      "base_rate": 0.636120381999878,
      "auc": 0.9860694620694997
    },
    "Senate": {
      "n": 124449,
      "log_loss": 0.21171610329945678,
      "accuracy": 0.9176048019670708,
      "brier": 0.060907078952658136,
      "base_rate": 0.6418050767784393,
      "auc": 0.9724151417128882
    }
  }
}